,cod,sigla_casa,nome_casa,sigla_subtipo,nome_subtipo,ind_tramitando,data_votacao,ano_votacao,mes_votacao,dia_votacao
0,4906,SF,Senado Federal,MSF,MENSAGEM (SF),Não,1993-05-05,1993,05,05
1,5333,SF,Senado Federal,MSF,MENSAGEM (SF),Não,1993-05-05,1993,05,05
2,5348,SF,Senado Federal,MSF,MENSAGEM (SF),Não,1993-05-05,1993,05,05
3,5364,SF,Senado Federal,MSF,MENSAGEM (SF),Não,1993-05-05,1993,05,05
4,22838,SF,Senado Federal,PLC,PROJETO DE LEI DA CÂMARA,Não,1993-01-13,1993,01,13
5,19958,SF,Senado Federal,PLC,PROJETO DE LEI DA CÂMARA,Não,1993-04-01,1993,04,01
6,19295,SF,Senado Federal,PLC,PROJETO DE LEI DA CÂMARA,Não,1993-01-14,1993,01,14
7,53780,SF,Senado Federal,MSF,MENSAGEM (SF),Não,2002-12-18,2002,12,18
8,53746,SF,Senado Federal,PLC,PROJETO DE LEI DA CÂMARA,Não,2002-12-17,2002,12,17
9,45574,SF,Senado Federal,PRS,PROJETO DE RESOLUÇÃO DO SENADO,Não,2002-12-05,2002,12,05
10,53185,SF,Senado Federal,MSF,MENSAGEM (SF),Não,2002-12-04,2002,12,04
11,45760,SF,Senado Federal,PEC,PROPOSTA DE EMENDA À CONSTITUIÇÃO,Não,2002-12-04,2002,12,04
12,43384,SF,Senado Federal,PLS,PROJETO DE LEI DO SENADO,Não,2002-12-04,2002,12,04
13,48888,SF,Senado Federal,PLS,PROJETO DE LEI DO SENADO,Não,2002-12-04,2002,12,04
14,53171,SF,Senado Federal,MSF,MENSAGEM (SF),Não,2002-11-27,2002,11,27
15,50286,SF,Senado Federal,PLS,PROJETO DE LEI DO SENADO,Não,2002-11-20,2002,11,20
16,17694,SF,Senado Federal,PDS,PROJETO DE DECRETO LEGISLATIVO (SF),Não,1996-12-04,1996,12,04
17,6337,SF,Senado Federal,MSF,MENSAGEM (SF),Não,1996-12-03,1996,12,03
18,6253,SF,Senado Federal,MSF,MENSAGEM (SF),Não,1996-11-27,1996,11,27
19,16655,SF,Senado Federal,PDS,PROJETO DE DECRETO LEGISLATIVO (SF),Não,1996-10-30,1996,10,30
20,16730,SF,Senado Federal,PDS,PROJETO DE DECRETO LEGISLATIVO (SF),Não,1996-10-30,1996,10,30
21,16783,SF,Senado Federal,PDS,PROJETO DE DECRETO LEGISLATIVO (SF),Não,1996-10-30,1996,10,30
22,16836,SF,Senado Federal,PDS,PROJETO DE DECRETO LEGISLATIVO (SF),Não,1996-10-30,1996,10,30
23,16913,SF,Senado Federal,PDS,PROJETO DE DECRETO LEGISLATIVO (SF),Não,1996-10-30,1996,10,30
24,17376,SF,Senado Federal,PDS,PROJETO DE DECRETO LEGISLATIVO (SF),Não,1996-10-30,1996,10,30
25,17384,SF,Senado Federal,PDS,PROJETO DE DECRETO LEGISLATIVO (SF),Não,1996-10-30,1996,10,30
26,17392,SF,Senado Federal,PDS,PROJETO DE DECRETO LEGISLATIVO (SF),Não,1996-10-30,1996,10,30
27,17566,SF,Senado Federal,PDS,PROJETO DE DECRETO LEGISLATIVO (SF),Não,1996-10-24,1996,10,24
28,33013,SF,Senado Federal,PRS,PROJETO DE RESOLUÇÃO DO SENADO,Não,1996-10-15,1996,10,15
29,20743,SF,Senado Federal,PLC,PROJETO DE LEI DA CÂMARA,Não,1996-09-12,1996,09,12
30,18337,SF,Senado Federal,PEC,PROPOSTA DE EMENDA À CONSTITUIÇÃO,Não,1996-09-12,1996,09,12
31,6098,SF,Senado Federal,MSF,MENSAGEM (SF),Não,1996-09-12,1996,09,12
32,18453,SF,Senado Federal,PEC,PROPOSTA DE EMENDA À CONSTITUIÇÃO,Não,1996-09-12,1996,09,12
33,5935,SF,Senado Federal,MSF,MENSAGEM (SF),Não,1996-09-10,1996,09,10
34,19357,SF,Senado Federal,PLC,PROJETO DE LEI DA CÂMARA,Não,1996-08-29,1996,08,29
35,17092,SF,Senado Federal,PDS,PROJETO DE DECRETO LEGISLATIVO (SF),Não,1996-08-27,1996,08,27
36,17553,SF,Senado Federal,PDS,PROJETO DE DECRETO LEGISLATIVO (SF),Não,1996-08-27,1996,08,27
37,17908,SF,Senado Federal,PDS,PROJETO DE DECRETO LEGISLATIVO (SF),Não,1996-08-27,1996,08,27
38,17917,SF,Senado Federal,PDS,PROJETO DE DECRETO LEGISLATIVO (SF),Não,1996-08-27,1996,08,27
39,17928,SF,Senado Federal,PDS,PROJETO DE DECRETO LEGISLATIVO (SF),Não,1996-08-27,1996,08,27
40,16478,SF,Senado Federal,PDS,PROJETO DE DECRETO LEGISLATIVO (SF),Não,1996-08-27,1996,08,27
41,16680,SF,Senado Federal,PDS,PROJETO DE DECRETO LEGISLATIVO (SF),Não,1996-08-27,1996,08,27
42,16757,SF,Senado Federal,PDS,PROJETO DE DECRETO LEGISLATIVO (SF),Não,1996-08-27,1996,08,27
43,16964,SF,Senado Federal,PDS,PROJETO DE DECRETO LEGISLATIVO (SF),Não,1996-08-27,1996,08,27
44,17298,SF,Senado Federal,PDS,PROJETO DE DECRETO LEGISLATIVO (SF),Não,1996-08-27,1996,08,27
45,17316,SF,Senado Federal,PDS,PROJETO DE DECRETO LEGISLATIVO (SF),Não,1996-08-27,1996,08,27
46,17350,SF,Senado Federal,PDS,PROJETO DE DECRETO LEGISLATIVO (SF),Não,1996-08-27,1996,08,27
47,4027,SF,Senado Federal,MSF,MENSAGEM (SF),Não,1999-01-28,1999,01,28
48,19108,SF,Senado Federal,PLC,PROJETO DE LEI DA CÂMARA,Não,1999-01-26,1999,01,26
49,16101,SF,Senado Federal,OFS,"OFICIO ""S""",Não,1999-01-14,1999,01,14
50,6648,SF,Senado Federal,MSF,MENSAGEM (SF),Não,1996-12-19,1996,12,19
51,29303,SF,Senado Federal,PLS,PROJETO DE LEI DO SENADO,Não,1996-12-12,1996,12,12
52,17565,SF,Senado Federal,PDS,PROJETO DE DECRETO LEGISLATIVO (SF),Não,1996-02-28,1996,02,28
53,17732,SF,Senado Federal,PDS,PROJETO DE DECRETO LEGISLATIVO (SF),Não,1996-02-28,1996,02,28
54,17736,SF,Senado Federal,PDS,PROJETO DE DECRETO LEGISLATIVO (SF),Não,1996-02-28,1996,02,28
55,17802,SF,Senado Federal,PDS,PROJETO DE DECRETO LEGISLATIVO (SF),Não,1996-02-28,1996,02,28
56,17872,SF,Senado Federal,PDS,PROJETO DE DECRETO LEGISLATIVO (SF),Não,1996-02-28,1996,02,28
57,17897,SF,Senado Federal,PDS,PROJETO DE DECRETO LEGISLATIVO (SF),Não,1996-02-28,1996,02,28
58,18783,SF,Senado Federal,PEC,PROPOSTA DE EMENDA À CONSTITUIÇÃO,Não,1996-02-28,1996,02,28
59,17705,SF,Senado Federal,PDS,PROJETO DE DECRETO LEGISLATIVO (SF),Não,1996-02-28,1996,02,28
60,18825,SF,Senado Federal,PEC,PROPOSTA DE EMENDA À CONSTITUIÇÃO,Não,1996-02-13,1996,02,13
61,21944,SF,Senado Federal,PLC,PROJETO DE LEI DA CÂMARA,Não,1996-02-08,1996,02,08
62,32400,SF,Senado Federal,PRS,PROJETO DE RESOLUÇÃO DO SENADO,Não,1995-12-14,1995,12,14
63,33323,SF,Senado Federal,PRS,PROJETO DE RESOLUÇÃO DO SENADO,Não,1995-12-14,1995,12,14
64,1084,SF,Senado Federal,PLS,PROJETO DE LEI DO SENADO,Não,1995-12-13,1995,12,13
65,1054,SF,Senado Federal,PLC,PROJETO DE LEI DA CÂMARA,Não,1995-12-12,1995,12,12
66,7430,SF,Senado Federal,MSF,MENSAGEM (SF),Não,1995-12-12,1995,12,12
67,27072,SF,Senado Federal,PLS,PROJETO DE LEI DO SENADO,Não,1995-12-12,1995,12,12
68,22395,SF,Senado Federal,PLC,PROJETO DE LEI DA CÂMARA,Não,1995-12-12,1995,12,12
69,7425,SF,Senado Federal,MSF,MENSAGEM (SF),Não,1995-12-12,1995,12,12
70,7442,SF,Senado Federal,MSF,MENSAGEM (SF),Não,1995-12-12,1995,12,12
71,7449,SF,Senado Federal,MSF,MENSAGEM (SF),Não,1995-12-12,1995,12,12
72,7457,SF,Senado Federal,MSF,MENSAGEM (SF),Não,1995-12-12,1995,12,12
73,7470,SF,Senado Federal,MSF,MENSAGEM (SF),Não,1995-12-12,1995,12,12
74,7478,SF,Senado Federal,MSF,MENSAGEM (SF),Não,1995-12-12,1995,12,12
75,7569,SF,Senado Federal,MSF,MENSAGEM (SF),Não,1995-12-12,1995,12,12
76,17433,SF,Senado Federal,PDS,PROJETO DE DECRETO LEGISLATIVO (SF),Não,1995-12-06,1995,12,06
77,17578,SF,Senado Federal,PDS,PROJETO DE DECRETO LEGISLATIVO (SF),Não,1995-12-06,1995,12,06
78,17449,SF,Senado Federal,PDS,PROJETO DE DECRETO LEGISLATIVO (SF),Não,1995-12-06,1995,12,06
79,17711,SF,Senado Federal,PDS,PROJETO DE DECRETO LEGISLATIVO (SF),Não,1995-12-06,1995,12,06
80,17774,SF,Senado Federal,PDS,PROJETO DE DECRETO LEGISLATIVO (SF),Não,1995-12-06,1995,12,06
81,17814,SF,Senado Federal,PDS,PROJETO DE DECRETO LEGISLATIVO (SF),Não,1995-12-06,1995,12,06
82,17825,SF,Senado Federal,PDS,PROJETO DE DECRETO LEGISLATIVO (SF),Não,1995-12-06,1995,12,06
83,17843,SF,Senado Federal,PDS,PROJETO DE DECRETO LEGISLATIVO (SF),Não,1995-12-06,1995,12,06
84,17846,SF,Senado Federal,PDS,PROJETO DE DECRETO LEGISLATIVO (SF),Não,1995-12-06,1995,12,06
85,17857,SF,Senado Federal,PDS,PROJETO DE DECRETO LEGISLATIVO (SF),Não,1995-12-06,1995,12,06
86,17861,SF,Senado Federal,PDS,PROJETO DE DECRETO LEGISLATIVO (SF),Não,1995-12-06,1995,12,06
87,17865,SF,Senado Federal,PDS,PROJETO DE DECRETO LEGISLATIVO (SF),Não,1995-12-06,1995,12,06
88,17888,SF,Senado Federal,PDS,PROJETO DE DECRETO LEGISLATIVO (SF),Não,1995-12-06,1995,12,06
89,17829,SF,Senado Federal,PDS,PROJETO DE DECRETO LEGISLATIVO (SF),Não,1995-12-06,1995,12,06
90,17764,SF,Senado Federal,PDS,PROJETO DE DECRETO LEGISLATIVO (SF),Não,1995-12-05,1995,12,05
91,17767,SF,Senado Federal,PDS,PROJETO DE DECRETO LEGISLATIVO (SF),Não,1995-12-05,1995,12,05
92,17789,SF,Senado Federal,PDS,PROJETO DE DECRETO LEGISLATIVO (SF),Não,1995-12-05,1995,12,05
93,17798,SF,Senado Federal,PDS,PROJETO DE DECRETO LEGISLATIVO (SF),Não,1995-12-05,1995,12,05
94,17810,SF,Senado Federal,PDS,PROJETO DE DECRETO LEGISLATIVO (SF),Não,1995-12-05,1995,12,05
95,17818,SF,Senado Federal,PDS,PROJETO DE DECRETO LEGISLATIVO (SF),Não,1995-12-05,1995,12,05
96,17832,SF,Senado Federal,PDS,PROJETO DE DECRETO LEGISLATIVO (SF),Não,1995-12-05,1995,12,05
97,17850,SF,Senado Federal,PDS,PROJETO DE DECRETO LEGISLATIVO (SF),Não,1995-12-05,1995,12,05
98,17881,SF,Senado Federal,PDS,PROJETO DE DECRETO LEGISLATIVO (SF),Não,1995-12-05,1995,12,05
99,17895,SF,Senado Federal,PDS,PROJETO DE DECRETO LEGISLATIVO (SF),Não,1995-12-05,1995,12,05
100,17835,SF,Senado Federal,PDS,PROJETO DE DECRETO LEGISLATIVO (SF),Não,1995-12-05,1995,12,05
101,17472,SF,Senado Federal,PDS,PROJETO DE DECRETO LEGISLATIVO (SF),Não,1995-11-30,1995,11,30
102,17012,SF,Senado Federal,PDS,PROJETO DE DECRETO LEGISLATIVO (SF),Não,1995-11-30,1995,11,30
103,17034,SF,Senado Federal,PDS,PROJETO DE DECRETO LEGISLATIVO (SF),Não,1995-11-30,1995,11,30
104,17307,SF,Senado Federal,PDS,PROJETO DE DECRETO LEGISLATIVO (SF),Não,1995-11-30,1995,11,30
105,17340,SF,Senado Federal,PDS,PROJETO DE DECRETO LEGISLATIVO (SF),Não,1995-11-30,1995,11,30
106,16606,SF,Senado Federal,PDS,PROJETO DE DECRETO LEGISLATIVO (SF),Não,1995-11-30,1995,11,30
107,16705,SF,Senado Federal,PDS,PROJETO DE DECRETO LEGISLATIVO (SF),Não,1995-11-30,1995,11,30
108,16729,SF,Senado Federal,PDS,PROJETO DE DECRETO LEGISLATIVO (SF),Não,1995-11-30,1995,11,30
109,16912,SF,Senado Federal,PDS,PROJETO DE DECRETO LEGISLATIVO (SF),Não,1995-11-30,1995,11,30
110,17358,SF,Senado Federal,PDS,PROJETO DE DECRETO LEGISLATIVO (SF),Não,1995-11-30,1995,11,30
111,17399,SF,Senado Federal,PDS,PROJETO DE DECRETO LEGISLATIVO (SF),Não,1995-11-30,1995,11,30
112,17527,SF,Senado Federal,PDS,PROJETO DE DECRETO LEGISLATIVO (SF),Não,1995-11-30,1995,11,30
113,17547,SF,Senado Federal,PDS,PROJETO DE DECRETO LEGISLATIVO (SF),Não,1995-11-30,1995,11,30
114,17649,SF,Senado Federal,PDS,PROJETO DE DECRETO LEGISLATIVO (SF),Não,1995-11-30,1995,11,30
115,17656,SF,Senado Federal,PDS,PROJETO DE DECRETO LEGISLATIVO (SF),Não,1995-11-30,1995,11,30
116,17676,SF,Senado Federal,PDS,PROJETO DE DECRETO LEGISLATIVO (SF),Não,1995-11-30,1995,11,30
117,17682,SF,Senado Federal,PDS,PROJETO DE DECRETO LEGISLATIVO (SF),Não,1995-11-30,1995,11,30
118,17699,SF,Senado Federal,PDS,PROJETO DE DECRETO LEGISLATIVO (SF),Não,1995-11-30,1995,11,30
119,17726,SF,Senado Federal,PDS,PROJETO DE DECRETO LEGISLATIVO (SF),Não,1995-11-30,1995,11,30
120,17740,SF,Senado Federal,PDS,PROJETO DE DECRETO LEGISLATIVO (SF),Não,1995-11-30,1995,11,30
121,17821,SF,Senado Federal,PDS,PROJETO DE DECRETO LEGISLATIVO (SF),Não,1995-11-30,1995,11,30
122,7531,SF,Senado Federal,MSF,MENSAGEM (SF),Não,1995-11-30,1995,11,30
123,7491,SF,Senado Federal,MSF,MENSAGEM (SF),Não,1995-11-30,1995,11,30
124,7485,SF,Senado Federal,MSF,MENSAGEM (SF),Não,1995-11-30,1995,11,30
125,17662,SF,Senado Federal,PDS,PROJETO DE DECRETO LEGISLATIVO (SF),Não,1995-11-30,1995,11,30
126,7089,SF,Senado Federal,MSF,MENSAGEM (SF),Não,1995-11-22,1995,11,22
127,29215,SF,Senado Federal,PLS,PROJETO DE LEI DO SENADO,Não,1995-11-22,1995,11,22
128,18569,SF,Senado Federal,PEC,PROPOSTA DE EMENDA À CONSTITUIÇÃO,Não,1995-11-08,1995,11,08
129,18582,SF,Senado Federal,PEC,PROPOSTA DE EMENDA À CONSTITUIÇÃO,Não,1995-11-08,1995,11,08
130,7015,SF,Senado Federal,MSF,MENSAGEM (SF),Não,1995-11-08,1995,11,08
131,7023,SF,Senado Federal,MSF,MENSAGEM (SF),Não,1995-11-08,1995,11,08
132,7112,SF,Senado Federal,MSF,MENSAGEM (SF),Não,1995-10-26,1995,10,26
133,21922,SF,Senado Federal,PLC,PROJETO DE LEI DA CÂMARA,Não,1995-10-25,1995,10,25
134,22126,SF,Senado Federal,PLC,PROJETO DE LEI DA CÂMARA,Não,1995-09-26,1995,09,26
135,17406,SF,Senado Federal,PDS,PROJETO DE DECRETO LEGISLATIVO (SF),Não,1995-09-20,1995,09,20
136,17143,SF,Senado Federal,PDS,PROJETO DE DECRETO LEGISLATIVO (SF),Não,1995-09-20,1995,09,20
137,17244,SF,Senado Federal,PDS,PROJETO DE DECRETO LEGISLATIVO (SF),Não,1995-09-20,1995,09,20
138,17259,SF,Senado Federal,PDS,PROJETO DE DECRETO LEGISLATIVO (SF),Não,1995-09-20,1995,09,20
139,17331,SF,Senado Federal,PDS,PROJETO DE DECRETO LEGISLATIVO (SF),Não,1995-09-20,1995,09,20
140,17559,SF,Senado Federal,PDS,PROJETO DE DECRETO LEGISLATIVO (SF),Não,1995-09-20,1995,09,20
141,17571,SF,Senado Federal,PDS,PROJETO DE DECRETO LEGISLATIVO (SF),Não,1995-09-20,1995,09,20
142,16938,SF,Senado Federal,PDS,PROJETO DE DECRETO LEGISLATIVO (SF),Não,1995-09-20,1995,09,20
143,32978,SF,Senado Federal,PRS,PROJETO DE RESOLUÇÃO DO SENADO,Não,1995-09-14,1995,09,14
144,18256,SF,Senado Federal,PEC,PROPOSTA DE EMENDA À CONSTITUIÇÃO,Não,1995-08-30,1995,08,30
145,21730,SF,Senado Federal,PLC,PROJETO DE LEI DA CÂMARA,Não,1995-08-24,1995,08,24
146,18533,SF,Senado Federal,PEC,PROPOSTA DE EMENDA À CONSTITUIÇÃO,Não,1995-08-10,1995,08,10
147,18438,SF,Senado Federal,PEC,PROPOSTA DE EMENDA À CONSTITUIÇÃO,Não,1995-08-08,1995,08,08
148,18480,SF,Senado Federal,PEC,PROPOSTA DE EMENDA À CONSTITUIÇÃO,Não,1995-08-08,1995,08,08
149,18493,SF,Senado Federal,PEC,PROPOSTA DE EMENDA À CONSTITUIÇÃO,Não,1995-08-08,1995,08,08
150,17408,SF,Senado Federal,PDS,PROJETO DE DECRETO LEGISLATIVO (SF),Não,1995-06-22,1995,06,22
151,6089,SF,Senado Federal,MSF,MENSAGEM (SF),Não,1995-06-20,1995,06,20
152,17219,SF,Senado Federal,PDS,PROJETO DE DECRETO LEGISLATIVO (SF),Não,1995-06-07,1995,06,07
153,17448,SF,Senado Federal,PDS,PROJETO DE DECRETO LEGISLATIVO (SF),Não,1995-04-26,1995,04,26
154,17526,SF,Senado Federal,PDS,PROJETO DE DECRETO LEGISLATIVO (SF),Não,1995-04-26,1995,04,26
155,4100,SF,Senado Federal,MSF,MENSAGEM (SF),Não,1995-03-15,1995,03,15
156,4112,SF,Senado Federal,MSF,MENSAGEM (SF),Não,1995-03-15,1995,03,15
157,16911,SF,Senado Federal,PDS,PROJETO DE DECRETO LEGISLATIVO (SF),Não,1995-02-22,1995,02,22
158,17322,SF,Senado Federal,PDS,PROJETO DE DECRETO LEGISLATIVO (SF),Não,1995-02-22,1995,02,22
159,17330,SF,Senado Federal,PDS,PROJETO DE DECRETO LEGISLATIVO (SF),Não,1995-02-22,1995,02,22
160,17339,SF,Senado Federal,PDS,PROJETO DE DECRETO LEGISLATIVO (SF),Não,1995-02-22,1995,02,22
161,17356,SF,Senado Federal,PDS,PROJETO DE DECRETO LEGISLATIVO (SF),Não,1995-02-22,1995,02,22
162,17389,SF,Senado Federal,PDS,PROJETO DE DECRETO LEGISLATIVO (SF),Não,1995-02-22,1995,02,22
163,17440,SF,Senado Federal,PDS,PROJETO DE DECRETO LEGISLATIVO (SF),Não,1995-02-22,1995,02,22
164,17456,SF,Senado Federal,PDS,PROJETO DE DECRETO LEGISLATIVO (SF),Não,1995-02-22,1995,02,22
165,17496,SF,Senado Federal,PDS,PROJETO DE DECRETO LEGISLATIVO (SF),Não,1995-02-22,1995,02,22
166,16502,SF,Senado Federal,PDS,PROJETO DE DECRETO LEGISLATIVO (SF),Não,1995-02-22,1995,02,22
167,16528,SF,Senado Federal,PDS,PROJETO DE DECRETO LEGISLATIVO (SF),Não,1995-02-22,1995,02,22
168,16553,SF,Senado Federal,PDS,PROJETO DE DECRETO LEGISLATIVO (SF),Não,1995-02-22,1995,02,22
169,16605,SF,Senado Federal,PDS,PROJETO DE DECRETO LEGISLATIVO (SF),Não,1995-02-22,1995,02,22
170,16629,SF,Senado Federal,PDS,PROJETO DE DECRETO LEGISLATIVO (SF),Não,1995-02-22,1995,02,22
171,17218,SF,Senado Federal,PDS,PROJETO DE DECRETO LEGISLATIVO (SF),Não,1995-02-22,1995,02,22
172,16476,SF,Senado Federal,PDS,PROJETO DE DECRETO LEGISLATIVO (SF),Não,1995-02-22,1995,02,22
173,16755,SF,Senado Federal,PDS,PROJETO DE DECRETO LEGISLATIVO (SF),Não,1995-02-22,1995,02,22
174,16781,SF,Senado Federal,PDS,PROJETO DE DECRETO LEGISLATIVO (SF),Não,1995-02-22,1995,02,22
175,16807,SF,Senado Federal,PDS,PROJETO DE DECRETO LEGISLATIVO (SF),Não,1995-02-22,1995,02,22
176,16834,SF,Senado Federal,PDS,PROJETO DE DECRETO LEGISLATIVO (SF),Não,1995-02-22,1995,02,22
177,16859,SF,Senado Federal,PDS,PROJETO DE DECRETO LEGISLATIVO (SF),Não,1995-02-22,1995,02,22
178,16987,SF,Senado Federal,PDS,PROJETO DE DECRETO LEGISLATIVO (SF),Não,1995-02-22,1995,02,22
179,17382,SF,Senado Federal,PDS,PROJETO DE DECRETO LEGISLATIVO (SF),Não,1995-02-22,1995,02,22
180,26231,SF,Senado Federal,PLS,PROJETO DE LEI DO SENADO,Não,1991-12-03,1991,12,03
181,18063,SF,Senado Federal,PEC,PROPOSTA DE EMENDA À CONSTITUIÇÃO,Não,1991-11-06,1991,11,06
182,18206,SF,Senado Federal,PEC,PROPOSTA DE EMENDA À CONSTITUIÇÃO,Não,1991-11-06,1991,11,06
183,32292,SF,Senado Federal,PRS,PROJETO DE RESOLUÇÃO DO SENADO,Não,1991-06-19,1991,06,19
184,28760,SF,Senado Federal,PLS,PROJETO DE LEI DO SENADO,Não,1991-03-19,1991,03,19
185,1491,SF,Senado Federal,PLS,PROJETO DE LEI DO SENADO,Não,1991-03-06,1991,03,06
186,27169,SF,Senado Federal,PLS,PROJETO DE LEI DO SENADO,Não,1991-03-06,1991,03,06
187,2821,SF,Senado Federal,INS,INDICAÇÃO,Não,1992-04-30,1992,04,30
188,21209,SF,Senado Federal,PLC,PROJETO DE LEI DA CÂMARA,Não,1992-04-23,1992,04,23
189,23397,SF,Senado Federal,PLC,PROJETO DE LEI DA CÂMARA,Não,1993-12-15,1993,12,15
190,23385,SF,Senado Federal,PLC,PROJETO DE LEI DA CÂMARA,Não,1993-12-15,1993,12,15
191,7095,SF,Senado Federal,MSF,MENSAGEM (SF),Não,1993-10-05,1993,10,05
192,23065,SF,Senado Federal,PLC,PROJETO DE LEI DA CÂMARA,Não,1993-09-22,1993,09,22
193,5378,SF,Senado Federal,MSF,MENSAGEM (SF),Não,1993-06-17,1993,06,17
194,5574,SF,Senado Federal,MSF,MENSAGEM (SF),Não,1993-06-17,1993,06,17
195,5803,SF,Senado Federal,MSF,MENSAGEM (SF),Não,1993-06-17,1993,06,17
196,22295,SF,Senado Federal,PLC,PROJETO DE LEI DA CÂMARA,Não,1993-07-08,1993,07,08
197,1168,SF,Senado Federal,PLS,PROJETO DE LEI DO SENADO,Não,1993-07-08,1993,07,08
198,18351,SF,Senado Federal,PEC,PROPOSTA DE EMENDA À CONSTITUIÇÃO,Não,1993-07-08,1993,07,08
199,21032,SF,Senado Federal,PLC,PROJETO DE LEI DA CÂMARA,Não,1993-04-14,1993,04,14
200,17975,SF,Senado Federal,PEC,PROPOSTA DE EMENDA À CONSTITUIÇÃO,Não,1993-03-10,1993,03,10
201,18974,SF,Senado Federal,PLC,PROJETO DE LEI DA CÂMARA,Não,1993-01-20,1993,01,20
202,16071,SF,Senado Federal,OFS,"OFICIO ""S""",Não,1998-12-10,1998,12,10
203,35778,SF,Senado Federal,RQS,REQUERIMENTO,Não,1996-03-21,1996,03,21
204,30293,SF,Senado Federal,PLS,PROJETO DE LEI DO SENADO,Não,1995-10-03,1995,10,03
205,20310,SF,Senado Federal,PLC,PROJETO DE LEI DA CÂMARA,Não,1998-11-24,1998,11,24
206,17323,SF,Senado Federal,PDS,PROJETO DE DECRETO LEGISLATIVO (SF),Não,1996-02-29,1996,02,29
207,17442,SF,Senado Federal,PDS,PROJETO DE DECRETO LEGISLATIVO (SF),Não,1996-02-29,1996,02,29
208,26656,SF,Senado Federal,PLS,PROJETO DE LEI DO SENADO,Não,1996-03-12,1996,03,12
209,20153,SF,Senado Federal,PLC,PROJETO DE LEI DA CÂMARA,Não,1996-08-15,1996,08,15
210,22296,SF,Senado Federal,PLC,PROJETO DE LEI DA CÂMARA,Não,1996-08-06,1996,08,06
211,15953,SF,Senado Federal,OFS,"OFICIO ""S""",Não,1998-12-14,1998,12,14
212,17248,SF,Senado Federal,PDS,PROJETO DE DECRETO LEGISLATIVO (SF),Não,1998-12-02,1998,12,02
213,17262,SF,Senado Federal,PDS,PROJETO DE DECRETO LEGISLATIVO (SF),Não,1998-12-02,1998,12,02
214,17276,SF,Senado Federal,PDS,PROJETO DE DECRETO LEGISLATIVO (SF),Não,1998-12-02,1998,12,02
215,6451,SF,Senado Federal,MSF,MENSAGEM (SF),Não,1998-12-02,1998,12,02
216,17869,SF,Senado Federal,PDS,PROJETO DE DECRETO LEGISLATIVO (SF),Não,1998-11-25,1998,11,25
217,17114,SF,Senado Federal,PDS,PROJETO DE DECRETO LEGISLATIVO (SF),Não,1998-11-25,1998,11,25
218,17234,SF,Senado Federal,PDS,PROJETO DE DECRETO LEGISLATIVO (SF),Não,1998-11-25,1998,11,25
219,828,SF,Senado Federal,PEC,PROPOSTA DE EMENDA À CONSTITUIÇÃO,Não,1998-11-18,1998,11,18
220,16024,SF,Senado Federal,OFS,"OFICIO ""S""",Não,1998-11-18,1998,11,18
221,17847,SF,Senado Federal,PDS,PROJETO DE DECRETO LEGISLATIVO (SF),Não,1998-11-12,1998,11,12
222,17858,SF,Senado Federal,PDS,PROJETO DE DECRETO LEGISLATIVO (SF),Não,1998-11-12,1998,11,12
223,17866,SF,Senado Federal,PDS,PROJETO DE DECRETO LEGISLATIVO (SF),Não,1998-11-12,1998,11,12
224,17815,SF,Senado Federal,PDS,PROJETO DE DECRETO LEGISLATIVO (SF),Não,1998-11-10,1998,11,10
225,17822,SF,Senado Federal,PDS,PROJETO DE DECRETO LEGISLATIVO (SF),Não,1998-11-10,1998,11,10
226,17807,SF,Senado Federal,PDS,PROJETO DE DECRETO LEGISLATIVO (SF),Não,1998-11-10,1998,11,10
227,17684,SF,Senado Federal,PDS,PROJETO DE DECRETO LEGISLATIVO (SF),Não,1998-11-04,1998,11,04
228,17757,SF,Senado Federal,PDS,PROJETO DE DECRETO LEGISLATIVO (SF),Não,1998-10-28,1998,10,28
229,17761,SF,Senado Federal,PDS,PROJETO DE DECRETO LEGISLATIVO (SF),Não,1998-10-28,1998,10,28
230,6179,SF,Senado Federal,MSF,MENSAGEM (SF),Não,1998-10-28,1998,10,28
231,6188,SF,Senado Federal,MSF,MENSAGEM (SF),Não,1998-10-28,1998,10,28
232,6202,SF,Senado Federal,MSF,MENSAGEM (SF),Não,1998-10-28,1998,10,28
233,6212,SF,Senado Federal,MSF,MENSAGEM (SF),Não,1998-10-28,1998,10,28
234,6359,SF,Senado Federal,MSF,MENSAGEM (SF),Não,1998-10-28,1998,10,28
235,17795,SF,Senado Federal,PDS,PROJETO DE DECRETO LEGISLATIVO (SF),Não,1998-10-28,1998,10,28
236,17915,SF,Senado Federal,PDS,PROJETO DE DECRETO LEGISLATIVO (SF),Não,1998-10-14,1998,10,14
237,17055,SF,Senado Federal,PDS,PROJETO DE DECRETO LEGISLATIVO (SF),Não,1998-10-14,1998,10,14
238,17587,SF,Senado Federal,PDS,PROJETO DE DECRETO LEGISLATIVO (SF),Não,1998-10-14,1998,10,14
239,1334,SF,Senado Federal,PLS,PROJETO DE LEI DO SENADO,Não,1998-08-12,1998,08,12
240,1260,SF,Senado Federal,PLS,PROJETO DE LEI DO SENADO,Não,1998-07-01,1998,07,01
241,808,SF,Senado Federal,PEC,PROPOSTA DE EMENDA À CONSTITUIÇÃO,Não,1998-06-18,1998,06,18
242,17768,SF,Senado Federal,PDS,PROJETO DE DECRETO LEGISLATIVO (SF),Não,1998-06-18,1998,06,18
243,17776,SF,Senado Federal,PDS,PROJETO DE DECRETO LEGISLATIVO (SF),Não,1998-06-18,1998,06,18
244,17781,SF,Senado Federal,PDS,PROJETO DE DECRETO LEGISLATIVO (SF),Não,1998-06-18,1998,06,18
245,17786,SF,Senado Federal,PDS,PROJETO DE DECRETO LEGISLATIVO (SF),Não,1998-06-18,1998,06,18
246,17791,SF,Senado Federal,PDS,PROJETO DE DECRETO LEGISLATIVO (SF),Não,1998-06-18,1998,06,18
247,18570,SF,Senado Federal,PEC,PROPOSTA DE EMENDA À CONSTITUIÇÃO,Não,1998-06-17,1998,06,17
248,17799,SF,Senado Federal,PDS,PROJETO DE DECRETO LEGISLATIVO (SF),Não,1998-06-17,1998,06,17
249,17803,SF,Senado Federal,PDS,PROJETO DE DECRETO LEGISLATIVO (SF),Não,1998-06-17,1998,06,17
250,17811,SF,Senado Federal,PDS,PROJETO DE DECRETO LEGISLATIVO (SF),Não,1998-06-17,1998,06,17
251,17862,SF,Senado Federal,PDS,PROJETO DE DECRETO LEGISLATIVO (SF),Não,1998-06-17,1998,06,17
252,5192,SF,Senado Federal,MSF,MENSAGEM (SF),Não,1998-06-17,1998,06,17
253,5304,SF,Senado Federal,MSF,MENSAGEM (SF),Não,1998-06-17,1998,06,17
254,5628,SF,Senado Federal,MSF,MENSAGEM (SF),Não,1998-06-17,1998,06,17
255,17854,SF,Senado Federal,PDS,PROJETO DE DECRETO LEGISLATIVO (SF),Não,1998-06-17,1998,06,17
256,17288,SF,Senado Federal,PDS,PROJETO DE DECRETO LEGISLATIVO (SF),Não,1998-06-03,1998,06,03
257,17601,SF,Senado Federal,PDS,PROJETO DE DECRETO LEGISLATIVO (SF),Não,1998-06-03,1998,06,03
258,17695,SF,Senado Federal,PDS,PROJETO DE DECRETO LEGISLATIVO (SF),Não,1998-06-03,1998,06,03
259,17742,SF,Senado Federal,PDS,PROJETO DE DECRETO LEGISLATIVO (SF),Não,1998-06-03,1998,06,03
260,17752,SF,Senado Federal,PDS,PROJETO DE DECRETO LEGISLATIVO (SF),Não,1998-06-03,1998,06,03
261,17729,SF,Senado Federal,PDS,PROJETO DE DECRETO LEGISLATIVO (SF),Não,1998-06-02,1998,06,02
262,17794,SF,Senado Federal,PDS,PROJETO DE DECRETO LEGISLATIVO (SF),Não,1998-06-02,1998,06,02
263,16370,SF,Senado Federal,PDS,PROJETO DE DECRETO LEGISLATIVO (SF),Não,1998-06-02,1998,06,02
264,17233,SF,Senado Federal,PDS,PROJETO DE DECRETO LEGISLATIVO (SF),Não,1998-06-02,1998,06,02
265,19556,SF,Senado Federal,PLC,PROJETO DE LEI DA CÂMARA,Não,1998-06-02,1998,06,02
266,849,SF,Senado Federal,PEC,PROPOSTA DE EMENDA À CONSTITUIÇÃO,Não,1998-05-27,1998,05,27
267,5256,SF,Senado Federal,MSF,MENSAGEM (SF),Não,1998-05-27,1998,05,27
268,5271,SF,Senado Federal,MSF,MENSAGEM (SF),Não,1998-05-27,1998,05,27
269,5287,SF,Senado Federal,MSF,MENSAGEM (SF),Não,1998-05-27,1998,05,27
270,5336,SF,Senado Federal,MSF,MENSAGEM (SF),Não,1998-05-27,1998,05,27
271,854,SF,Senado Federal,PEC,PROPOSTA DE EMENDA À CONSTITUIÇÃO,Não,1998-05-27,1998,05,27
272,28397,SF,Senado Federal,PLS,PROJETO DE LEI DO SENADO,Não,1998-05-20,1998,05,20
273,4979,SF,Senado Federal,MSF,MENSAGEM (SF),Não,1998-05-20,1998,05,20
274,27148,SF,Senado Federal,PLS,PROJETO DE LEI DO SENADO,Não,1998-05-12,1998,05,12
275,4734,SF,Senado Federal,MSF,MENSAGEM (SF),Não,1998-05-06,1998,05,06
276,1344,SF,Senado Federal,PLS,PROJETO DE LEI DO SENADO,Não,1998-04-15,1998,04,15
277,17515,SF,Senado Federal,PDS,PROJETO DE DECRETO LEGISLATIVO (SF),Não,1998-03-24,1998,03,24
278,17555,SF,Senado Federal,PDS,PROJETO DE DECRETO LEGISLATIVO (SF),Não,1998-03-24,1998,03,24
279,17567,SF,Senado Federal,PDS,PROJETO DE DECRETO LEGISLATIVO (SF),Não,1998-03-24,1998,03,24
280,17351,SF,Senado Federal,PDS,PROJETO DE DECRETO LEGISLATIVO (SF),Não,1998-03-17,1998,03,17
281,17360,SF,Senado Federal,PDS,PROJETO DE DECRETO LEGISLATIVO (SF),Não,1998-03-17,1998,03,17
282,17368,SF,Senado Federal,PDS,PROJETO DE DECRETO LEGISLATIVO (SF),Não,1998-03-17,1998,03,17
283,17325,SF,Senado Federal,PDS,PROJETO DE DECRETO LEGISLATIVO (SF),Não,1998-03-10,1998,03,10
284,17334,SF,Senado Federal,PDS,PROJETO DE DECRETO LEGISLATIVO (SF),Não,1998-03-10,1998,03,10
285,17342,SF,Senado Federal,PDS,PROJETO DE DECRETO LEGISLATIVO (SF),Não,1998-03-10,1998,03,10
286,16886,SF,Senado Federal,PDS,PROJETO DE DECRETO LEGISLATIVO (SF),Não,1998-03-04,1998,03,04
287,17309,SF,Senado Federal,PDS,PROJETO DE DECRETO LEGISLATIVO (SF),Não,1998-03-04,1998,03,04
288,17317,SF,Senado Federal,PDS,PROJETO DE DECRETO LEGISLATIVO (SF),Não,1998-03-04,1998,03,04
289,4483,SF,Senado Federal,MSF,MENSAGEM (SF),Não,1998-02-11,1998,02,11
290,18571,SF,Senado Federal,PEC,PROPOSTA DE EMENDA À CONSTITUIÇÃO,Não,1998-01-27,1998,01,27
291,4289,SF,Senado Federal,MSF,MENSAGEM (SF),Não,1998-01-15,1998,01,15
292,4301,SF,Senado Federal,MSF,MENSAGEM (SF),Não,1998-01-15,1998,01,15
293,20404,SF,Senado Federal,PLC,PROJETO DE LEI DA CÂMARA,Não,1998-01-15,1998,01,15
294,21757,SF,Senado Federal,PLC,PROJETO DE LEI DA CÂMARA,Não,1998-01-13,1998,01,13
295,21185,SF,Senado Federal,PLC,PROJETO DE LEI DA CÂMARA,Não,1997-12-12,1997,12,12
296,6546,SF,Senado Federal,MSF,MENSAGEM (SF),Não,1997-12-12,1997,12,12
297,5754,SF,Senado Federal,MSF,MENSAGEM (SF),Não,1997-12-10,1997,12,10
298,6020,SF,Senado Federal,MSF,MENSAGEM (SF),Não,1997-12-10,1997,12,10
299,6035,SF,Senado Federal,MSF,MENSAGEM (SF),Não,1997-12-10,1997,12,10
300,21036,SF,Senado Federal,PLC,PROJETO DE LEI DA CÂMARA,Não,1997-12-09,1997,12,09
301,16138,SF,Senado Federal,OFS,"OFICIO ""S""",Não,1997-12-09,1997,12,09
302,24816,SF,Senado Federal,PLS,PROJETO DE LEI DO SENADO,Não,1997-12-04,1997,12,04
303,30168,SF,Senado Federal,PLS,PROJETO DE LEI DO SENADO,Não,1997-12-04,1997,12,04
304,17177,SF,Senado Federal,PDS,PROJETO DE DECRETO LEGISLATIVO (SF),Não,1997-12-04,1997,12,04
305,17193,SF,Senado Federal,PDS,PROJETO DE DECRETO LEGISLATIVO (SF),Não,1997-12-04,1997,12,04
306,17247,SF,Senado Federal,PDS,PROJETO DE DECRETO LEGISLATIVO (SF),Não,1997-12-04,1997,12,04
307,17275,SF,Senado Federal,PDS,PROJETO DE DECRETO LEGISLATIVO (SF),Não,1997-12-04,1997,12,04
308,17299,SF,Senado Federal,PDS,PROJETO DE DECRETO LEGISLATIVO (SF),Não,1997-12-04,1997,12,04
309,16530,SF,Senado Federal,PDS,PROJETO DE DECRETO LEGISLATIVO (SF),Não,1997-11-20,1997,11,20
310,16556,SF,Senado Federal,PDS,PROJETO DE DECRETO LEGISLATIVO (SF),Não,1997-11-20,1997,11,20
311,17056,SF,Senado Federal,PDS,PROJETO DE DECRETO LEGISLATIVO (SF),Não,1997-11-20,1997,11,20
312,17076,SF,Senado Federal,PDS,PROJETO DE DECRETO LEGISLATIVO (SF),Não,1997-11-20,1997,11,20
313,18384,SF,Senado Federal,PEC,PROPOSTA DE EMENDA À CONSTITUIÇÃO,Não,1997-11-19,1997,11,19
314,33357,SF,Senado Federal,PRS,PROJETO DE RESOLUÇÃO DO SENADO,Não,1997-11-19,1997,11,19
315,16426,SF,Senado Federal,PDS,PROJETO DE DECRETO LEGISLATIVO (SF),Não,1997-11-12,1997,11,12
316,16453,SF,Senado Federal,PDS,PROJETO DE DECRETO LEGISLATIVO (SF),Não,1997-11-12,1997,11,12
317,16479,SF,Senado Federal,PDS,PROJETO DE DECRETO LEGISLATIVO (SF),Não,1997-11-12,1997,11,12
318,16505,SF,Senado Federal,PDS,PROJETO DE DECRETO LEGISLATIVO (SF),Não,1997-11-12,1997,11,12
319,17780,SF,Senado Federal,PDS,PROJETO DE DECRETO LEGISLATIVO (SF),Não,1997-10-22,1997,10,22
320,17785,SF,Senado Federal,PDS,PROJETO DE DECRETO LEGISLATIVO (SF),Não,1997-10-22,1997,10,22
321,17790,SF,Senado Federal,PDS,PROJETO DE DECRETO LEGISLATIVO (SF),Não,1997-10-22,1997,10,22
322,16398,SF,Senado Federal,PDS,PROJETO DE DECRETO LEGISLATIVO (SF),Não,1997-10-22,1997,10,22
323,5547,SF,Senado Federal,MSF,MENSAGEM (SF),Não,1997-10-22,1997,10,22
324,5559,SF,Senado Federal,MSF,MENSAGEM (SF),Não,1997-10-22,1997,10,22
325,5576,SF,Senado Federal,MSF,MENSAGEM (SF),Não,1997-10-22,1997,10,22
326,5593,SF,Senado Federal,MSF,MENSAGEM (SF),Não,1997-10-22,1997,10,22
327,5514,SF,Senado Federal,MSF,MENSAGEM (SF),Não,1997-10-22,1997,10,22
328,17771,SF,Senado Federal,PDS,PROJETO DE DECRETO LEGISLATIVO (SF),Não,1997-10-15,1997,10,15
329,17775,SF,Senado Federal,PDS,PROJETO DE DECRETO LEGISLATIVO (SF),Não,1997-10-15,1997,10,15
330,17671,SF,Senado Federal,PDS,PROJETO DE DECRETO LEGISLATIVO (SF),Não,1997-10-14,1997,10,14
331,18494,SF,Senado Federal,PEC,PROPOSTA DE EMENDA À CONSTITUIÇÃO,Não,1997-10-08,1997,10,08
332,17700,SF,Senado Federal,PDS,PROJETO DE DECRETO LEGISLATIVO (SF),Não,1997-09-30,1997,09,30
333,17712,SF,Senado Federal,PDS,PROJETO DE DECRETO LEGISLATIVO (SF),Não,1997-09-30,1997,09,30
334,17733,SF,Senado Federal,PDS,PROJETO DE DECRETO LEGISLATIVO (SF),Não,1997-09-30,1997,09,30
335,17504,SF,Senado Federal,PDS,PROJETO DE DECRETO LEGISLATIVO (SF),Não,1997-09-24,1997,09,24
336,1173,SF,Senado Federal,PLS,PROJETO DE LEI DO SENADO,Não,1997-09-23,1997,09,23
337,20122,SF,Senado Federal,PLC,PROJETO DE LEI DA CÂMARA,Não,1997-09-17,1997,09,17
338,31079,SF,Senado Federal,PLS,PROJETO DE LEI DO SENADO,Não,1997-09-10,1997,09,10
339,1474,SF,Senado Federal,PLS,PROJETO DE LEI DO SENADO,Não,1997-08-13,1997,08,13
340,5025,SF,Senado Federal,MSF,MENSAGEM (SF),Não,1997-08-12,1997,08,12
341,862,SF,Senado Federal,PEC,PROPOSTA DE EMENDA À CONSTITUIÇÃO,Não,1997-08-12,1997,08,12
342,19140,SF,Senado Federal,PLC,PROJETO DE LEI DA CÂMARA,Não,1997-07-16,1997,07,16
343,19717,SF,Senado Federal,PLC,PROJETO DE LEI DA CÂMARA,Não,1997-07-10,1997,07,10
344,32310,SF,Senado Federal,PRS,PROJETO DE RESOLUÇÃO DO SENADO,Não,1997-06-25,1997,06,25
345,4642,SF,Senado Federal,MSF,MENSAGEM (SF),Não,1997-06-25,1997,06,25
346,32773,SF,Senado Federal,PRS,PROJETO DE RESOLUÇÃO DO SENADO,Não,1997-06-24,1997,06,24
347,4599,SF,Senado Federal,MSF,MENSAGEM (SF),Não,1997-06-18,1997,06,18
348,18024,SF,Senado Federal,PEC,PROPOSTA DE EMENDA À CONSTITUIÇÃO,Não,1997-06-04,1997,06,04
349,807,SF,Senado Federal,PEC,PROPOSTA DE EMENDA À CONSTITUIÇÃO,Não,1997-05-14,1997,05,14
350,32491,SF,Senado Federal,PRS,PROJETO DE RESOLUÇÃO DO SENADO,Não,1997-05-06,1997,05,06
351,22059,SF,Senado Federal,PLC,PROJETO DE LEI DA CÂMARA,Não,1997-04-08,1997,04,08
352,5672,SF,Senado Federal,MSF,MENSAGEM (SF),Não,1996-07-10,1996,07,10
353,5788,SF,Senado Federal,MSF,MENSAGEM (SF),Não,1996-07-10,1996,07,10
354,5805,SF,Senado Federal,MSF,MENSAGEM (SF),Não,1996-07-10,1996,07,10
355,19073,SF,Senado Federal,PLC,PROJETO DE LEI DA CÂMARA,Não,1996-07-11,1996,07,11
356,16885,SF,Senado Federal,PDS,PROJETO DE DECRETO LEGISLATIVO (SF),Não,1996-07-03,1996,07,03
357,18257,SF,Senado Federal,PEC,PROPOSTA DE EMENDA À CONSTITUIÇÃO,Não,1996-06-25,1996,06,25
358,18425,SF,Senado Federal,PEC,PROPOSTA DE EMENDA À CONSTITUIÇÃO,Não,1996-06-25,1996,06,25
359,18466,SF,Senado Federal,PEC,PROPOSTA DE EMENDA À CONSTITUIÇÃO,Não,1996-06-25,1996,06,25
360,17929,SF,Senado Federal,PDS,PROJETO DE DECRETO LEGISLATIVO (SF),Não,1996-06-25,1996,06,25
361,16581,SF,Senado Federal,PDS,PROJETO DE DECRETO LEGISLATIVO (SF),Não,1996-06-25,1996,06,25
362,16861,SF,Senado Federal,PDS,PROJETO DE DECRETO LEGISLATIVO (SF),Não,1996-06-25,1996,06,25
363,5592,SF,Senado Federal,MSF,MENSAGEM (SF),Não,1996-06-25,1996,06,25
364,17953,SF,Senado Federal,PEC,PROPOSTA DE EMENDA À CONSTITUIÇÃO,Não,1996-06-19,1996,06,19
365,17901,SF,Senado Federal,PDS,PROJETO DE DECRETO LEGISLATIVO (SF),Não,1996-06-12,1996,06,12
366,17916,SF,Senado Federal,PDS,PROJETO DE DECRETO LEGISLATIVO (SF),Não,1996-06-12,1996,06,12
367,17923,SF,Senado Federal,PDS,PROJETO DE DECRETO LEGISLATIVO (SF),Não,1996-06-12,1996,06,12
368,17669,SF,Senado Federal,PDS,PROJETO DE DECRETO LEGISLATIVO (SF),Não,1996-06-12,1996,06,12
369,16555,SF,Senado Federal,PDS,PROJETO DE DECRETO LEGISLATIVO (SF),Não,1996-06-12,1996,06,12
370,21829,SF,Senado Federal,PLC,PROJETO DE LEI DA CÂMARA,Não,1996-06-12,1996,06,12
371,5416,SF,Senado Federal,MSF,MENSAGEM (SF),Não,1996-06-12,1996,06,12
372,5513,SF,Senado Federal,MSF,MENSAGEM (SF),Não,1996-06-12,1996,06,12
373,5483,SF,Senado Federal,MSF,MENSAGEM (SF),Não,1996-06-12,1996,06,12
374,5575,SF,Senado Federal,MSF,MENSAGEM (SF),Não,1996-06-12,1996,06,12
375,5431,SF,Senado Federal,MSF,MENSAGEM (SF),Não,1996-06-12,1996,06,12
376,32224,SF,Senado Federal,PRS,PROJETO DE RESOLUÇÃO DO SENADO,Não,1996-05-23,1996,05,23
377,17497,SF,Senado Federal,PDS,PROJETO DE DECRETO LEGISLATIVO (SF),Não,1996-05-15,1996,05,15
378,17839,SF,Senado Federal,PDS,PROJETO DE DECRETO LEGISLATIVO (SF),Não,1996-05-15,1996,05,15
379,847,SF,Senado Federal,PEC,PROPOSTA DE EMENDA À CONSTITUIÇÃO,Não,1996-05-15,1996,05,15
380,17911,SF,Senado Federal,PDS,PROJETO DE DECRETO LEGISLATIVO (SF),Não,1996-05-15,1996,05,15
381,19361,SF,Senado Federal,PLC,PROJETO DE LEI DA CÂMARA,Não,1996-05-09,1996,05,09
382,17920,SF,Senado Federal,PDS,PROJETO DE DECRETO LEGISLATIVO (SF),Não,1996-04-17,1996,04,17
383,17921,SF,Senado Federal,PDS,PROJETO DE DECRETO LEGISLATIVO (SF),Não,1996-04-17,1996,04,17
384,17922,SF,Senado Federal,PDS,PROJETO DE DECRETO LEGISLATIVO (SF),Não,1996-04-17,1996,04,17
385,17927,SF,Senado Federal,PDS,PROJETO DE DECRETO LEGISLATIVO (SF),Não,1996-04-17,1996,04,17
386,7622,SF,Senado Federal,MSF,MENSAGEM (SF),Não,1996-04-17,1996,04,17
387,4992,SF,Senado Federal,MSF,MENSAGEM (SF),Não,1996-04-16,1996,04,16
388,5009,SF,Senado Federal,MSF,MENSAGEM (SF),Não,1996-04-16,1996,04,16
389,5024,SF,Senado Federal,MSF,MENSAGEM (SF),Não,1996-04-16,1996,04,16
390,5040,SF,Senado Federal,MSF,MENSAGEM (SF),Não,1996-04-16,1996,04,16
391,4963,SF,Senado Federal,MSF,MENSAGEM (SF),Não,1996-04-16,1996,04,16
392,17533,SF,Senado Federal,PDS,PROJETO DE DECRETO LEGISLATIVO (SF),Não,1996-04-10,1996,04,10
393,17919,SF,Senado Federal,PDS,PROJETO DE DECRETO LEGISLATIVO (SF),Não,1996-04-10,1996,04,10
394,17918,SF,Senado Federal,PDS,PROJETO DE DECRETO LEGISLATIVO (SF),Não,1996-04-10,1996,04,10
395,34219,SF,Senado Federal,RQS,REQUERIMENTO,Não,1996-03-26,1996,03,26
396,17488,SF,Senado Federal,PDS,PROJETO DE DECRETO LEGISLATIVO (SF),Não,1996-03-20,1996,03,20
397,17391,SF,Senado Federal,PDS,PROJETO DE DECRETO LEGISLATIVO (SF),Não,1996-03-20,1996,03,20
398,17458,SF,Senado Federal,PDS,PROJETO DE DECRETO LEGISLATIVO (SF),Não,1996-03-20,1996,03,20
399,17641,SF,Senado Federal,PDS,PROJETO DE DECRETO LEGISLATIVO (SF),Não,1996-03-20,1996,03,20
400,17755,SF,Senado Federal,PDS,PROJETO DE DECRETO LEGISLATIVO (SF),Não,1996-03-20,1996,03,20
401,17876,SF,Senado Federal,PDS,PROJETO DE DECRETO LEGISLATIVO (SF),Não,1996-03-20,1996,03,20
402,17909,SF,Senado Federal,PDS,PROJETO DE DECRETO LEGISLATIVO (SF),Não,1996-03-20,1996,03,20
403,17910,SF,Senado Federal,PDS,PROJETO DE DECRETO LEGISLATIVO (SF),Não,1996-03-20,1996,03,20
404,17914,SF,Senado Federal,PDS,PROJETO DE DECRETO LEGISLATIVO (SF),Não,1996-03-20,1996,03,20
405,1583,SF,Senado Federal,PLS,PROJETO DE LEI DO SENADO,Não,1996-03-20,1996,03,20
406,17924,SF,Senado Federal,PDS,PROJETO DE DECRETO LEGISLATIVO (SF),Não,1996-03-20,1996,03,20
407,4224,SF,Senado Federal,MSF,MENSAGEM (SF),Não,1997-03-18,1997,03,18
408,758,SF,Senado Federal,PDS,PROJETO DE DECRETO LEGISLATIVO (SF),Não,1997-03-11,1997,03,11
409,40941,SF,Senado Federal,PEC,PROPOSTA DE EMENDA À CONSTITUIÇÃO,Não,2001-10-17,2001,10,17
410,48580,SF,Senado Federal,PRS,PROJETO DE RESOLUÇÃO DO SENADO,Não,2001-10-16,2001,10,16
411,41526,SF,Senado Federal,PLS,PROJETO DE LEI DO SENADO,Não,2001-10-10,2001,10,10
412,813,SF,Senado Federal,PEC,PROPOSTA DE EMENDA À CONSTITUIÇÃO,Não,2001-10-09,2001,10,09
413,1552,SF,Senado Federal,PLS,PROJETO DE LEI DO SENADO,Não,2001-10-02,2001,10,02
414,43730,SF,Senado Federal,PLC,PROJETO DE LEI DA CÂMARA,Não,2001-09-18,2001,09,18
415,47830,SF,Senado Federal,PEC,PROPOSTA DE EMENDA À CONSTITUIÇÃO,Não,2001-09-05,2001,09,05
416,40987,SF,Senado Federal,PEC,PROPOSTA DE EMENDA À CONSTITUIÇÃO,Não,2001-09-04,2001,09,04
417,46823,SF,Senado Federal,PLS,PROJETO DE LEI DO SENADO,Não,2001-08-29,2001,08,29
418,44093,SF,Senado Federal,PEC,PROPOSTA DE EMENDA À CONSTITUIÇÃO,Não,2001-08-29,2001,08,29
419,44443,SF,Senado Federal,PEC,PROPOSTA DE EMENDA À CONSTITUIÇÃO,Não,2001-08-15,2001,08,15
420,818,SF,Senado Federal,PEC,PROPOSTA DE EMENDA À CONSTITUIÇÃO,Não,2001-08-15,2001,08,15
421,41050,SF,Senado Federal,PLS,PROJETO DE LEI DO SENADO,Não,2001-08-08,2001,08,08
422,77743,SF,Senado Federal,MSF,MENSAGEM (SF),Não,2006-05-24,2006,05,24
423,77651,SF,Senado Federal,MSF,MENSAGEM (SF),Não,2006-05-24,2006,05,24
424,77652,SF,Senado Federal,MSF,MENSAGEM (SF),Não,2006-05-24,2006,05,24
425,77527,SF,Senado Federal,MSF,MENSAGEM (SF),Não,2006-05-24,2006,05,24
426,77528,SF,Senado Federal,MSF,MENSAGEM (SF),Não,2006-05-24,2006,05,24
427,76873,SF,Senado Federal,MSF,MENSAGEM (SF),Não,2006-05-24,2006,05,24
428,76871,SF,Senado Federal,MSF,MENSAGEM (SF),Não,2006-05-24,2006,05,24
429,77239,SF,Senado Federal,MSF,MENSAGEM (SF),Não,2006-05-24,2006,05,24
430,76710,SF,Senado Federal,MSF,MENSAGEM (SF),Não,2006-05-24,2006,05,24
431,76330,SF,Senado Federal,MSF,MENSAGEM (SF),Não,2006-05-24,2006,05,24
432,77139,SF,Senado Federal,MSF,MENSAGEM (SF),Não,2006-05-24,2006,05,24
433,77098,SF,Senado Federal,OFS,"OFICIO ""S""",Não,2006-03-22,2006,03,22
434,76677,SF,Senado Federal,MSF,MENSAGEM (SF),Não,2006-02-14,2006,02,14
435,64716,SF,Senado Federal,PLC,PROJETO DE LEI DA CÂMARA,Não,2006-02-14,2006,02,14
436,76077,SF,Senado Federal,PEC,PROPOSTA DE EMENDA À CONSTITUIÇÃO,Não,2006-02-08,2006,02,08
437,76618,SF,Senado Federal,PEC,PROPOSTA DE EMENDA À CONSTITUIÇÃO,Não,2006-02-08,2006,02,08
438,76606,SF,Senado Federal,PEC,PROPOSTA DE EMENDA À CONSTITUIÇÃO,Não,2006-02-08,2006,02,08
439,76204,SF,Senado Federal,MSF,MENSAGEM (SF),Não,2006-02-08,2006,02,08
440,76176,SF,Senado Federal,MSF,MENSAGEM (SF),Não,2006-02-08,2006,02,08
441,71550,SF,Senado Federal,PEC,PROPOSTA DE EMENDA À CONSTITUIÇÃO,Não,2006-02-01,2006,02,01
442,74634,SF,Senado Federal,PLC,PROJETO DE LEI DA CÂMARA,Não,2006-02-01,2006,02,01
443,75852,,,MPV,MEDIDA PROVISÓRIA,Não,2006-01-25,2006,01,25
444,56066,SF,Senado Federal,PEC,PROPOSTA DE EMENDA À CONSTITUIÇÃO,Não,2006-01-25,2006,01,25
445,76174,SF,Senado Federal,MSF,MENSAGEM (SF),Não,2006-01-25,2006,01,25
446,76175,SF,Senado Federal,MSF,MENSAGEM (SF),Não,2006-01-25,2006,01,25
447,76291,SF,Senado Federal,MSF,MENSAGEM (SF),Não,2006-01-25,2006,01,25
448,76292,SF,Senado Federal,MSF,MENSAGEM (SF),Não,2006-01-25,2006,01,25
449,76293,SF,Senado Federal,MSF,MENSAGEM (SF),Não,2006-01-25,2006,01,25
450,76294,SF,Senado Federal,MSF,MENSAGEM (SF),Não,2006-01-25,2006,01,25
451,76170,SF,Senado Federal,PLC,PROJETO DE LEI DA CÂMARA,Não,2006-01-17,2006,01,17
452,75750,SF,Senado Federal,MSF,MENSAGEM (SF),Não,2005-12-14,2005,12,14
453,75918,SF,Senado Federal,MSF,MENSAGEM (SF),Não,2005-12-14,2005,12,14
454,76022,SF,Senado Federal,MSF,MENSAGEM (SF),Não,2005-12-14,2005,12,14
455,76055,SF,Senado Federal,MSF,MENSAGEM (SF),Não,2005-12-14,2005,12,14
456,76075,SF,Senado Federal,MSF,MENSAGEM (SF),Não,2005-12-14,2005,12,14
457,75319,SF,Senado Federal,MSF,MENSAGEM (SF),Não,2005-12-14,2005,12,14
458,75877,SF,Senado Federal,MSF,MENSAGEM (SF),Não,2005-12-14,2005,12,14
459,75947,SF,Senado Federal,MSF,MENSAGEM (SF),Não,2005-12-14,2005,12,14
460,75948,SF,Senado Federal,MSF,MENSAGEM (SF),Não,2005-12-14,2005,12,14
461,75719,SF,Senado Federal,MSF,MENSAGEM (SF),Não,2005-12-14,2005,12,14
462,75721,SF,Senado Federal,MSF,MENSAGEM (SF),Não,2005-12-14,2005,12,14
463,75623,SF,Senado Federal,MSF,MENSAGEM (SF),Não,2005-12-14,2005,12,14
464,76023,SF,Senado Federal,MSF,MENSAGEM (SF),Não,2005-12-14,2005,12,14
465,76145,SF,Senado Federal,SCD,SUBSTITUTIVO DA CÂMARA DOS DEPUTADOS A PROJETO DE LEI DO SENADO,Não,2005-12-14,2005,12,14
466,69602,SF,Senado Federal,PLC,PROJETO DE LEI DA CÂMARA,Não,2005-12-13,2005,12,13
467,69606,SF,Senado Federal,PLC,PROJETO DE LEI DA CÂMARA,Não,2005-12-13,2005,12,13
468,75747,SF,Senado Federal,MSF,MENSAGEM (SF),Não,2005-11-23,2005,11,23
469,73394,SF,Senado Federal,MSF,MENSAGEM (SF),Não,2005-11-23,2005,11,23
470,75748,SF,Senado Federal,MSF,MENSAGEM (SF),Não,2005-11-23,2005,11,23
471,63986,SF,Senado Federal,PEC,PROPOSTA DE EMENDA À CONSTITUIÇÃO,Não,2005-11-23,2005,11,23
472,66712,SF,Senado Federal,PEC,PROPOSTA DE EMENDA À CONSTITUIÇÃO,Não,2005-11-23,2005,11,23
473,56318,SF,Senado Federal,PEC,PROPOSTA DE EMENDA À CONSTITUIÇÃO,Não,2005-11-23,2005,11,23
474,2659,SF,Senado Federal,DIV,DIVERSOS,Não,2005-11-23,2005,11,23
475,75629,SF,Senado Federal,MSF,MENSAGEM (SF),Não,2005-11-23,2005,11,23
476,40263,SF,Senado Federal,PEC,PROPOSTA DE EMENDA À CONSTITUIÇÃO,Não,2005-11-10,2005,11,10
477,75535,SF,Senado Federal,PDS,PROJETO DE DECRETO LEGISLATIVO (SF),Não,2005-11-09,2005,11,09
478,75002,SF,Senado Federal,MSF,MENSAGEM (SF),Não,2005-11-09,2005,11,09
479,75622,SF,Senado Federal,MSF,MENSAGEM (SF),Não,2005-11-09,2005,11,09
480,65677,SF,Senado Federal,PDS,PROJETO DE DECRETO LEGISLATIVO (SF),Não,2005-11-09,2005,11,09
481,70968,SF,Senado Federal,MSF,MENSAGEM (SF),Não,2005-11-09,2005,11,09
482,72840,SF,Senado Federal,MSF,MENSAGEM (SF),Não,2005-11-08,2005,11,08
483,74375,SF,Senado Federal,MSF,MENSAGEM (SF),Não,2005-11-08,2005,11,08
484,74999,SF,Senado Federal,MSF,MENSAGEM (SF),Não,2005-11-08,2005,11,08
485,75000,SF,Senado Federal,MSF,MENSAGEM (SF),Não,2005-11-08,2005,11,08
486,75001,SF,Senado Federal,MSF,MENSAGEM (SF),Não,2005-11-08,2005,11,08
487,75243,SF,Senado Federal,MSF,MENSAGEM (SF),Não,2005-11-08,2005,11,08
488,75700,SF,Senado Federal,PLV,PROJETO DE LEI DE CONVERSÃO (CN),Não,2005-10-26,2005,10,26
489,64739,SF,Senado Federal,PLC,PROJETO DE LEI DA CÂMARA,Não,2005-09-21,2005,09,21
490,58362,SF,Senado Federal,PEC,PROPOSTA DE EMENDA À CONSTITUIÇÃO,Não,2005-08-30,2005,08,30
491,74205,SF,Senado Federal,MSF,MENSAGEM (SF),Não,2005-08-30,2005,08,30
492,74495,SF,Senado Federal,MSF,MENSAGEM (SF),Não,2005-08-30,2005,08,30
493,74841,SF,Senado Federal,MSF,MENSAGEM (SF),Não,2005-08-30,2005,08,30
494,74921,SF,Senado Federal,MSF,MENSAGEM (SF),Não,2005-08-24,2005,08,24
495,73272,,,MPV,MEDIDA PROVISÓRIA,Não,2005-08-10,2005,08,10
496,74153,SF,Senado Federal,PLV,PROJETO DE LEI DE CONVERSÃO (CN),Não,2005-06-28,2005,06,28
497,74426,SF,Senado Federal,PDS,PROJETO DE DECRETO LEGISLATIVO (SF),Não,2005-06-28,2005,06,28
498,74190,SF,Senado Federal,MSF,MENSAGEM (SF),Não,2005-06-28,2005,06,28
499,73396,SF,Senado Federal,MSF,MENSAGEM (SF),Não,2005-06-28,2005,06,28
500,74100,SF,Senado Federal,MSF,MENSAGEM (SF),Não,2005-06-28,2005,06,28
501,74169,SF,Senado Federal,MSF,MENSAGEM (SF),Não,2005-06-28,2005,06,28
502,73812,SF,Senado Federal,MSF,MENSAGEM (SF),Não,2005-06-28,2005,06,28
503,73519,SF,Senado Federal,OFS,"OFICIO ""S""",Não,2005-05-24,2005,05,24
504,73612,SF,Senado Federal,OFS,"OFICIO ""S""",Não,2005-05-24,2005,05,24
505,73613,SF,Senado Federal,OFS,"OFICIO ""S""",Não,2005-05-24,2005,05,24
506,73614,SF,Senado Federal,OFS,"OFICIO ""S""",Não,2005-05-24,2005,05,24
507,73615,SF,Senado Federal,OFS,"OFICIO ""S""",Não,2005-05-24,2005,05,24
508,73616,SF,Senado Federal,OFS,"OFICIO ""S""",Não,2005-05-24,2005,05,24
509,73617,SF,Senado Federal,OFS,"OFICIO ""S""",Não,2005-05-24,2005,05,24
510,73618,SF,Senado Federal,OFS,"OFICIO ""S""",Não,2005-05-24,2005,05,24
511,73619,SF,Senado Federal,OFS,"OFICIO ""S""",Não,2005-05-24,2005,05,24
512,73752,SF,Senado Federal,MSF,MENSAGEM (SF),Não,2005-05-24,2005,05,24
513,73620,SF,Senado Federal,OFS,"OFICIO ""S""",Não,2005-05-24,2005,05,24
514,72780,SF,Senado Federal,OFS,"OFICIO ""S""",Não,2005-05-18,2005,05,18
515,72781,SF,Senado Federal,OFS,"OFICIO ""S""",Não,2005-05-18,2005,05,18
516,73406,SF,Senado Federal,OFS,"OFICIO ""S""",Não,2005-05-18,2005,05,18
517,73518,SF,Senado Federal,OFS,"OFICIO ""S""",Não,2005-05-18,2005,05,18
518,45393,SF,Senado Federal,PEC,PROPOSTA DE EMENDA À CONSTITUIÇÃO,Não,2005-04-26,2005,04,26
519,66949,SF,Senado Federal,PEC,PROPOSTA DE EMENDA À CONSTITUIÇÃO,Não,2005-04-26,2005,04,26
520,69754,SF,Senado Federal,PLS,PROJETO DE LEI DO SENADO,Não,2005-04-26,2005,04,26
521,72058,SF,Senado Federal,MSF,MENSAGEM (SF),Não,2005-04-19,2005,04,19
522,71934,SF,Senado Federal,MSF,MENSAGEM (SF),Não,2005-04-19,2005,04,19
523,71937,SF,Senado Federal,MSF,MENSAGEM (SF),Não,2005-04-19,2005,04,19
524,72557,SF,Senado Federal,MSF,MENSAGEM (SF),Não,2005-04-19,2005,04,19
525,72558,SF,Senado Federal,MSF,MENSAGEM (SF),Não,2005-04-19,2005,04,19
526,72838,SF,Senado Federal,MSF,MENSAGEM (SF),Não,2005-04-19,2005,04,19
527,72750,SF,Senado Federal,MSF,MENSAGEM (SF),Não,2005-04-19,2005,04,19
528,72056,SF,Senado Federal,MSF,MENSAGEM (SF),Não,2005-04-19,2005,04,19
529,72752,SF,Senado Federal,MSF,MENSAGEM (SF),Não,2005-04-19,2005,04,19
530,72057,SF,Senado Federal,MSF,MENSAGEM (SF),Não,2005-04-19,2005,04,19
531,72496,SF,Senado Federal,MSF,MENSAGEM (SF),Não,2005-04-19,2005,04,19
532,72517,SF,Senado Federal,MSF,MENSAGEM (SF),Não,2005-04-19,2005,04,19
533,72703,SF,Senado Federal,MSF,MENSAGEM (SF),Não,2005-04-19,2005,04,19
534,71627,SF,Senado Federal,MSF,MENSAGEM (SF),Não,2005-04-19,2005,04,19
535,72055,SF,Senado Federal,MSF,MENSAGEM (SF),Não,2005-04-19,2005,04,19
536,72054,SF,Senado Federal,MSF,MENSAGEM (SF),Não,2005-04-19,2005,04,19
537,72702,SF,Senado Federal,MSF,MENSAGEM (SF),Não,2005-04-19,2005,04,19
538,74638,SF,Senado Federal,PLV,PROJETO DE LEI DE CONVERSÃO (CN),Não,2005-08-03,2005,08,03
539,71977,SF,Senado Federal,MSF,MENSAGEM (SF),Não,2005-06-30,2005,06,30
540,72852,SF,Senado Federal,MSF,MENSAGEM (SF),Não,2005-06-30,2005,06,30
541,73022,SF,Senado Federal,MSF,MENSAGEM (SF),Não,2005-06-30,2005,06,30
542,73158,SF,Senado Federal,MSF,MENSAGEM (SF),Não,2005-06-30,2005,06,30
543,73395,SF,Senado Federal,MSF,MENSAGEM (SF),Não,2005-06-30,2005,06,30
544,73398,SF,Senado Federal,MSF,MENSAGEM (SF),Não,2005-06-30,2005,06,30
545,73797,SF,Senado Federal,MSF,MENSAGEM (SF),Não,2005-06-30,2005,06,30
546,73798,SF,Senado Federal,MSF,MENSAGEM (SF),Não,2005-06-30,2005,06,30
547,73944,SF,Senado Federal,MSF,MENSAGEM (SF),Não,2005-06-30,2005,06,30
548,74099,SF,Senado Federal,MSF,MENSAGEM (SF),Não,2005-06-30,2005,06,30
549,74101,SF,Senado Federal,MSF,MENSAGEM (SF),Não,2005-06-30,2005,06,30
550,74168,SF,Senado Federal,MSF,MENSAGEM (SF),Não,2005-06-30,2005,06,30
551,71935,SF,Senado Federal,MSF,MENSAGEM (SF),Não,2005-06-30,2005,06,30
552,71314,,,MPV,MEDIDA PROVISÓRIA,Não,2005-03-08,2005,03,08
553,69954,SF,Senado Federal,MSF,MENSAGEM (SF),Não,2005-03-01,2005,03,01
554,41052,SF,Senado Federal,PEC,PROPOSTA DE EMENDA À CONSTITUIÇÃO,Não,2005-02-23,2005,02,23
555,54790,SF,Senado Federal,PEC,PROPOSTA DE EMENDA À CONSTITUIÇÃO,Não,2005-02-23,2005,02,23
556,126993,SF,Senado Federal,MSF,MENSAGEM (SF),Não,2016-12-13,2016,12,13
557,127339,SF,Senado Federal,MSF,MENSAGEM (SF),Não,2016-12-13,2016,12,13
558,127535,SF,Senado Federal,MSF,MENSAGEM (SF),Não,2016-12-13,2016,12,13
559,127537,SF,Senado Federal,MSF,MENSAGEM (SF),Não,2016-12-13,2016,12,13
560,127337,SF,Senado Federal,PEC,PROPOSTA DE EMENDA À CONSTITUIÇÃO,Não,2016-12-13,2016,12,13
561,127536,SF,Senado Federal,MSF,MENSAGEM (SF),Não,2016-11-30,2016,11,30
562,127645,SF,Senado Federal,OFS,"OFICIO ""S""",Não,2016-11-29,2016,11,29
563,126473,SF,Senado Federal,PEC,PROPOSTA DE EMENDA À CONSTITUIÇÃO,Não,2016-11-23,2016,11,23
564,127406,SF,Senado Federal,PLS,PROJETO DE LEI DO SENADO,Não,2016-11-23,2016,11,23
565,126994,SF,Senado Federal,MSF,MENSAGEM (SF),Não,2016-11-22,2016,11,22
566,126953,SF,Senado Federal,MSF,MENSAGEM (SF),Não,2016-11-22,2016,11,22
567,127102,SF,Senado Federal,MSF,MENSAGEM (SF),Não,2016-11-22,2016,11,22
568,126471,SF,Senado Federal,OFS,"OFICIO ""S""",Não,2016-11-09,2016,11,09
569,127115,SF,Senado Federal,MSF,MENSAGEM (SF),Não,2016-11-09,2016,11,09
570,126952,SF,Senado Federal,MSF,MENSAGEM (SF),Não,2016-11-08,2016,11,08
571,126995,SF,Senado Federal,MSF,MENSAGEM (SF),Não,2016-11-08,2016,11,08
572,126409,,,MPV,MEDIDA PROVISÓRIA,Não,2016-11-01,2016,11,01
573,126236,,,MPV,MEDIDA PROVISÓRIA,Não,2016-10-19,2016,10,19
574,126876,SF,Senado Federal,MSF,MENSAGEM (SF),Não,2016-10-04,2016,10,04
575,126816,SF,Senado Federal,MSF,MENSAGEM (SF),Não,2016-10-04,2016,10,04
576,126719,SF,Senado Federal,MSF,MENSAGEM (SF),Não,2016-10-04,2016,10,04
577,125978,,,MPV,MEDIDA PROVISÓRIA,Não,2016-09-19,2016,09,19
578,1484,SF,Senado Federal,PLS,PROJETO DE LEI DO SENADO,Não,2003-07-09,2003,07,09
579,56201,SF,Senado Federal,MSF,MENSAGEM (SF),Não,2003-07-09,2003,07,09
580,58173,SF,Senado Federal,MSF,MENSAGEM (SF),Não,2003-07-09,2003,07,09
581,56317,SF,Senado Federal,MSF,MENSAGEM (SF),Não,2003-06-25,2003,06,25
582,57829,SF,Senado Federal,MSF,MENSAGEM (SF),Não,2003-06-25,2003,06,25
583,58385,SF,Senado Federal,MSF,MENSAGEM (SF),Não,2003-06-25,2003,06,25
584,58775,SF,Senado Federal,MSF,MENSAGEM (SF),Não,2003-06-25,2003,06,25
585,56303,,,MPV,MEDIDA PROVISÓRIA,Não,2003-06-24,2003,06,24
586,56382,,,MPV,MEDIDA PROVISÓRIA,Não,2003-06-24,2003,06,24
587,58643,SF,Senado Federal,MSF,MENSAGEM (SF),Não,2003-06-24,2003,06,24
588,58511,SF,Senado Federal,MSF,MENSAGEM (SF),Não,2003-06-24,2003,06,24
589,58201,SF,Senado Federal,MSF,MENSAGEM (SF),Não,2003-06-24,2003,06,24
590,58356,SF,Senado Federal,MSF,MENSAGEM (SF),Não,2003-06-24,2003,06,24
591,57270,SF,Senado Federal,MSF,MENSAGEM (SF),Não,2003-06-24,2003,06,24
592,57272,SF,Senado Federal,MSF,MENSAGEM (SF),Não,2003-06-24,2003,06,24
593,57343,SF,Senado Federal,MSF,MENSAGEM (SF),Não,2003-06-24,2003,06,24
594,57268,SF,Senado Federal,MSF,MENSAGEM (SF),Não,2003-06-24,2003,06,24
595,56188,,,MPV,MEDIDA PROVISÓRIA,Não,2003-06-11,2003,06,11
596,57401,SF,Senado Federal,MSF,MENSAGEM (SF),Não,2003-05-28,2003,05,28
597,57406,SF,Senado Federal,MSF,MENSAGEM (SF),Não,2003-05-28,2003,05,28
598,841,SF,Senado Federal,PEC,PROPOSTA DE EMENDA À CONSTITUIÇÃO,Não,2003-05-28,2003,05,28
599,57404,SF,Senado Federal,MSF,MENSAGEM (SF),Não,2003-05-28,2003,05,28
600,56613,SF,Senado Federal,MSF,MENSAGEM (SF),Não,2003-05-27,2003,05,27
601,53901,SF,Senado Federal,MSF,MENSAGEM (SF),Não,2003-05-27,2003,05,27
602,53902,SF,Senado Federal,MSF,MENSAGEM (SF),Não,2003-05-27,2003,05,27
603,55400,SF,Senado Federal,MSF,MENSAGEM (SF),Não,2003-05-27,2003,05,27
604,50122,SF,Senado Federal,PEC,PROPOSTA DE EMENDA À CONSTITUIÇÃO,Não,2003-05-27,2003,05,27
605,57123,SF,Senado Federal,MSF,MENSAGEM (SF),Não,2003-05-27,2003,05,27
606,54486,,,MPV,MEDIDA PROVISÓRIA,Não,2003-05-21,2003,05,21
607,50831,SF,Senado Federal,PLS,PROJETO DE LEI DO SENADO,Não,2003-05-07,2003,05,07
608,49730,SF,Senado Federal,MSF,MENSAGEM (SF),Não,2003-04-29,2003,04,29
609,56608,SF,Senado Federal,MSF,MENSAGEM (SF),Não,2003-04-29,2003,04,29
610,56609,SF,Senado Federal,MSF,MENSAGEM (SF),Não,2003-04-29,2003,04,29
611,56610,SF,Senado Federal,MSF,MENSAGEM (SF),Não,2003-04-29,2003,04,29
612,56611,SF,Senado Federal,MSF,MENSAGEM (SF),Não,2003-04-29,2003,04,29
613,56612,SF,Senado Federal,MSF,MENSAGEM (SF),Não,2003-04-29,2003,04,29
614,54310,SF,Senado Federal,MSF,MENSAGEM (SF),Não,2003-04-29,2003,04,29
615,46674,SF,Senado Federal,PEC,PROPOSTA DE EMENDA À CONSTITUIÇÃO,Não,2003-04-23,2003,04,23
616,53461,SF,Senado Federal,MSF,MENSAGEM (SF),Não,2003-04-23,2003,04,23
617,53464,SF,Senado Federal,MSF,MENSAGEM (SF),Não,2003-04-23,2003,04,23
618,54366,SF,Senado Federal,MSF,MENSAGEM (SF),Não,2003-04-23,2003,04,23
619,43565,SF,Senado Federal,PLS,PROJETO DE LEI DO SENADO,Não,2003-04-23,2003,04,23
620,47868,SF,Senado Federal,PEC,PROPOSTA DE EMENDA À CONSTITUIÇÃO,Não,2003-04-22,2003,04,22
621,52901,SF,Senado Federal,MSF,MENSAGEM (SF),Não,2003-04-22,2003,04,22
622,53777,SF,Senado Federal,MSF,MENSAGEM (SF),Não,2003-04-22,2003,04,22
623,55072,SF,Senado Federal,MSF,MENSAGEM (SF),Não,2003-04-22,2003,04,22
624,55516,SF,Senado Federal,MSF,MENSAGEM (SF),Não,2003-04-16,2003,04,16
625,55515,SF,Senado Federal,MSF,MENSAGEM (SF),Não,2003-04-16,2003,04,16
626,53936,SF,Senado Federal,MSF,MENSAGEM (SF),Não,2003-04-16,2003,04,16
627,50696,SF,Senado Federal,MSF,MENSAGEM (SF),Não,2003-03-26,2003,03,26
628,52899,SF,Senado Federal,MSF,MENSAGEM (SF),Não,2003-03-26,2003,03,26
629,52903,SF,Senado Federal,MSF,MENSAGEM (SF),Não,2003-03-26,2003,03,26
630,49506,SF,Senado Federal,PEC,PROPOSTA DE EMENDA À CONSTITUIÇÃO,Não,2003-03-25,2003,03,25
631,861,SF,Senado Federal,PEC,PROPOSTA DE EMENDA À CONSTITUIÇÃO,Não,2003-03-25,2003,03,25
632,51978,SF,Senado Federal,MSF,MENSAGEM (SF),Não,2003-03-13,2003,03,13
633,52355,SF,Senado Federal,MSF,MENSAGEM (SF),Não,2003-03-13,2003,03,13
634,53819,SF,Senado Federal,MSF,MENSAGEM (SF),Não,2003-03-13,2003,03,13
635,54939,SF,Senado Federal,MSF,MENSAGEM (SF),Não,2003-03-13,2003,03,13
636,54940,SF,Senado Federal,MSF,MENSAGEM (SF),Não,2003-03-13,2003,03,13
637,54941,SF,Senado Federal,MSF,MENSAGEM (SF),Não,2003-03-13,2003,03,13
638,54365,SF,Senado Federal,MSF,MENSAGEM (SF),Não,2003-03-13,2003,03,13
639,55073,SF,Senado Federal,MSF,MENSAGEM (SF),Não,2003-03-13,2003,03,13
640,45191,SF,Senado Federal,PEC,PROPOSTA DE EMENDA À CONSTITUIÇÃO,Não,2003-03-13,2003,03,13
641,51498,SF,Senado Federal,MSF,MENSAGEM (SF),Não,2002-10-30,2002,10,30
642,51525,SF,Senado Federal,MSF,MENSAGEM (SF),Não,2002-10-30,2002,10,30
643,49423,SF,Senado Federal,PDS,PROJETO DE DECRETO LEGISLATIVO (SF),Não,2002-06-05,2002,06,05
644,49551,SF,Senado Federal,PEC,PROPOSTA DE EMENDA À CONSTITUIÇÃO,Não,2002-06-05,2002,06,05
645,50185,SF,Senado Federal,PEC,PROPOSTA DE EMENDA À CONSTITUIÇÃO,Não,2002-06-04,2002,06,04
646,50212,SF,Senado Federal,PEC,PROPOSTA DE EMENDA À CONSTITUIÇÃO,Não,2002-06-04,2002,06,04
647,82744,SF,Senado Federal,PEC,PROPOSTA DE EMENDA À CONSTITUIÇÃO,Não,2007-12-19,2007,12,19
648,83641,SF,Senado Federal,MSF,MENSAGEM (SF),Não,2007-12-19,2007,12,19
649,83243,SF,Senado Federal,MSF,MENSAGEM (SF),Não,2007-12-18,2007,12,18
650,83479,SF,Senado Federal,MSF,MENSAGEM (SF),Não,2007-12-18,2007,12,18
651,83233,SF,Senado Federal,MSF,MENSAGEM (SF),Não,2007-12-18,2007,12,18
652,83254,SF,Senado Federal,MSF,MENSAGEM (SF),Não,2007-12-18,2007,12,18
653,83470,SF,Senado Federal,MSF,MENSAGEM (SF),Não,2007-12-11,2007,12,11
654,83469,SF,Senado Federal,MSF,MENSAGEM (SF),Não,2007-12-11,2007,12,11
655,83100,SF,Senado Federal,MSF,MENSAGEM (SF),Não,2007-12-11,2007,12,11
656,83231,SF,Senado Federal,MSF,MENSAGEM (SF),Não,2007-12-11,2007,12,11
657,83235,SF,Senado Federal,MSF,MENSAGEM (SF),Não,2007-12-11,2007,12,11
658,83239,SF,Senado Federal,MSF,MENSAGEM (SF),Não,2007-12-11,2007,12,11
659,83240,SF,Senado Federal,MSF,MENSAGEM (SF),Não,2007-12-11,2007,12,11
660,83256,SF,Senado Federal,MSF,MENSAGEM (SF),Não,2007-12-11,2007,12,11
661,83271,SF,Senado Federal,MSF,MENSAGEM (SF),Não,2007-12-11,2007,12,11
662,83480,SF,Senado Federal,MSF,MENSAGEM (SF),Não,2007-12-11,2007,12,11
663,79874,SF,Senado Federal,OFS,"OFICIO ""S""",Não,2007-12-12,2007,12,12
664,62763,SF,Senado Federal,PLS,PROJETO DE LEI DO SENADO,Não,2007-12-12,2007,12,12
665,82467,SF,Senado Federal,MSF,MENSAGEM (SF),Não,2007-12-05,2007,12,05
666,82866,SF,Senado Federal,MSF,MENSAGEM (SF),Não,2007-12-05,2007,12,05
667,82982,SF,Senado Federal,MSF,MENSAGEM (SF),Não,2007-12-05,2007,12,05
668,82973,SF,Senado Federal,MSF,MENSAGEM (SF),Não,2007-12-05,2007,12,05
669,82983,SF,Senado Federal,MSF,MENSAGEM (SF),Não,2007-12-05,2007,12,05
670,83048,SF,Senado Federal,MSF,MENSAGEM (SF),Não,2007-12-05,2007,12,05
671,83049,SF,Senado Federal,MSF,MENSAGEM (SF),Não,2007-12-05,2007,12,05
672,83432,SF,Senado Federal,PRS,PROJETO DE RESOLUÇÃO DO SENADO,Não,2007-12-04,2007,12,04
673,83052,SF,Senado Federal,MSF,MENSAGEM (SF),Não,2007-11-28,2007,11,28
674,83053,SF,Senado Federal,MSF,MENSAGEM (SF),Não,2007-11-28,2007,11,28
675,82893,SF,Senado Federal,MSF,MENSAGEM (SF),Não,2007-11-28,2007,11,28
676,82976,SF,Senado Federal,MSF,MENSAGEM (SF),Não,2007-11-28,2007,11,28
677,82867,SF,Senado Federal,MSF,MENSAGEM (SF),Não,2007-11-28,2007,11,28
678,83051,SF,Senado Federal,MSF,MENSAGEM (SF),Não,2007-11-28,2007,11,28
679,83065,SF,Senado Federal,MSF,MENSAGEM (SF),Não,2007-11-28,2007,11,28
680,82969,SF,Senado Federal,MSF,MENSAGEM (SF),Não,2007-11-28,2007,11,28
681,83064,SF,Senado Federal,MSF,MENSAGEM (SF),Não,2007-11-28,2007,11,28
682,82990,SF,Senado Federal,MSF,MENSAGEM (SF),Não,2007-11-28,2007,11,28
683,82502,,,MPV,MEDIDA PROVISÓRIA,Não,2007-11-27,2007,11,27
684,83210,SF,Senado Federal,PLV,PROJETO DE LEI DE CONVERSÃO (CN),Não,2007-11-27,2007,11,27
685,82724,SF,Senado Federal,MSF,MENSAGEM (SF),Não,2007-10-24,2007,10,24
686,82728,SF,Senado Federal,MSF,MENSAGEM (SF),Não,2007-10-24,2007,10,24
687,82721,SF,Senado Federal,MSF,MENSAGEM (SF),Não,2007-10-24,2007,10,24
688,82802,SF,Senado Federal,MSF,MENSAGEM (SF),Não,2007-10-24,2007,10,24
689,82725,SF,Senado Federal,MSF,MENSAGEM (SF),Não,2007-10-24,2007,10,24
690,80297,SF,Senado Federal,PEC,PROPOSTA DE EMENDA À CONSTITUIÇÃO,Não,2007-10-17,2007,10,17
691,81698,SF,Senado Federal,MSF,MENSAGEM (SF),Não,2007-10-17,2007,10,17
692,80809,SF,Senado Federal,MSF,MENSAGEM (SF),Não,2007-10-02,2007,10,02
693,82327,SF,Senado Federal,MSF,MENSAGEM (SF),Não,2007-10-02,2007,10,02
694,82471,SF,Senado Federal,PLV,PROJETO DE LEI DE CONVERSÃO (CN),Não,2007-09-26,2007,09,26
695,82182,SF,Senado Federal,PEC,PROPOSTA DE EMENDA À CONSTITUIÇÃO,Não,2007-08-29,2007,08,29
696,82263,SF,Senado Federal,MSF,MENSAGEM (SF),Não,2007-08-29,2007,08,29
697,81974,SF,Senado Federal,MSF,MENSAGEM (SF),Não,2007-08-29,2007,08,29
698,81975,SF,Senado Federal,MSF,MENSAGEM (SF),Não,2007-08-29,2007,08,29
699,81977,SF,Senado Federal,MSF,MENSAGEM (SF),Não,2007-08-29,2007,08,29
700,82059,SF,Senado Federal,PLV,PROJETO DE LEI DE CONVERSÃO (CN),Não,2007-08-22,2007,08,22
701,79821,SF,Senado Federal,MSF,MENSAGEM (SF),Não,2007-03-28,2007,03,28
702,79822,SF,Senado Federal,MSF,MENSAGEM (SF),Não,2007-03-28,2007,03,28
703,80127,SF,Senado Federal,MSF,MENSAGEM (SF),Não,2007-03-28,2007,03,28
704,80268,SF,Senado Federal,MSF,MENSAGEM (SF),Não,2007-03-28,2007,03,28
705,79712,,,MPV,MEDIDA PROVISÓRIA,Não,2007-03-27,2007,03,27
706,63526,SF,Senado Federal,PEC,PROPOSTA DE EMENDA À CONSTITUIÇÃO,Não,2007-03-07,2007,03,07
707,79892,SF,Senado Federal,MSF,MENSAGEM (SF),Não,2007-03-07,2007,03,07
708,80016,SF,Senado Federal,MSF,MENSAGEM (SF),Não,2007-03-07,2007,03,07
709,79756,SF,Senado Federal,MSF,MENSAGEM (SF),Não,2007-02-28,2007,02,28
710,79336,,,MPV,MEDIDA PROVISÓRIA,Não,2007-02-28,2007,02,28
711,78488,SF,Senado Federal,PLS,PROJETO DE LEI DO SENADO,Não,2007-02-13,2007,02,13
712,77760,SF,Senado Federal,PLS,PROJETO DE LEI DO SENADO,Não,2007-02-13,2007,02,13
713,79777,SF,Senado Federal,MSF,MENSAGEM (SF),Não,2007-02-13,2007,02,13
714,79820,SF,Senado Federal,MSF,MENSAGEM (SF),Não,2007-02-13,2007,02,13
715,79842,SF,Senado Federal,PDS,PROJETO DE DECRETO LEGISLATIVO (SF),Não,2007-02-07,2007,02,07
716,79870,SF,Senado Federal,PRS,PROJETO DE RESOLUÇÃO DO SENADO,Não,2007-02-07,2007,02,07
717,78440,SF,Senado Federal,MSF,MENSAGEM (SF),Não,2006-12-20,2006,12,20
718,78600,SF,Senado Federal,MSF,MENSAGEM (SF),Não,2006-12-20,2006,12,20
719,79651,SF,Senado Federal,PLC,PROJETO DE LEI DA CÂMARA,Não,2006-12-20,2006,12,20
720,79029,SF,Senado Federal,MSF,MENSAGEM (SF),Não,2006-12-20,2006,12,20
721,79163,SF,Senado Federal,MSF,MENSAGEM (SF),Não,2006-12-20,2006,12,20
722,79228,SF,Senado Federal,MSF,MENSAGEM (SF),Não,2006-12-20,2006,12,20
723,79361,SF,Senado Federal,MSF,MENSAGEM (SF),Não,2006-12-20,2006,12,20
724,79494,SF,Senado Federal,MSF,MENSAGEM (SF),Não,2006-12-20,2006,12,20
725,78144,SF,Senado Federal,MSF,MENSAGEM (SF),Não,2006-12-20,2006,12,20
726,78511,SF,Senado Federal,MSF,MENSAGEM (SF),Não,2006-12-20,2006,12,20
727,79624,SF,Senado Federal,PDS,PROJETO DE DECRETO LEGISLATIVO (SF),Não,2006-12-13,2006,12,13
728,79598,SF,Senado Federal,MSF,MENSAGEM (SF),Não,2006-12-13,2006,12,13
729,79505,SF,Senado Federal,PLV,PROJETO DE LEI DE CONVERSÃO (CN),Não,2006-12-06,2006,12,06
730,76181,SF,Senado Federal,MSF,MENSAGEM (SF),Não,2006-12-06,2006,12,06
731,77266,SF,Senado Federal,MSF,MENSAGEM (SF),Não,2006-12-06,2006,12,06
732,79107,SF,Senado Federal,OFS,"OFICIO ""S""",Não,2006-11-21,2006,11,21
733,78898,SF,Senado Federal,PLC,PROJETO DE LEI DA CÂMARA,Não,2006-11-08,2006,11,08
734,77108,SF,Senado Federal,PLS,PROJETO DE LEI DO SENADO,Não,2006-10-17,2006,10,17
735,78392,SF,Senado Federal,PLS,PROJETO DE LEI DO SENADO,Não,2006-10-17,2006,10,17
736,44289,SF,Senado Federal,PEC,PROPOSTA DE EMENDA À CONSTITUIÇÃO,Não,2006-08-02,2006,08,02
737,78231,SF,Senado Federal,MSF,MENSAGEM (SF),Não,2006-08-02,2006,08,02
738,76329,SF,Senado Federal,MSF,MENSAGEM (SF),Não,2006-08-02,2006,08,02
739,77225,SF,Senado Federal,MSF,MENSAGEM (SF),Não,2006-08-02,2006,08,02
740,76422,SF,Senado Federal,MSF,MENSAGEM (SF),Não,2006-08-02,2006,08,02
741,77226,SF,Senado Federal,MSF,MENSAGEM (SF),Não,2006-08-02,2006,08,02
742,77238,SF,Senado Federal,MSF,MENSAGEM (SF),Não,2006-08-02,2006,08,02
743,77494,SF,Senado Federal,MSF,MENSAGEM (SF),Não,2006-08-02,2006,08,02
744,77589,SF,Senado Federal,MSF,MENSAGEM (SF),Não,2006-08-02,2006,08,02
745,77711,SF,Senado Federal,MSF,MENSAGEM (SF),Não,2006-08-02,2006,08,02
746,77838,SF,Senado Federal,MSF,MENSAGEM (SF),Não,2006-08-02,2006,08,02
747,77790,SF,Senado Federal,MSF,MENSAGEM (SF),Não,2006-08-02,2006,08,02
748,77842,SF,Senado Federal,MSF,MENSAGEM (SF),Não,2006-08-02,2006,08,02
749,77840,SF,Senado Federal,MSF,MENSAGEM (SF),Não,2006-08-02,2006,08,02
750,77841,SF,Senado Federal,MSF,MENSAGEM (SF),Não,2006-08-02,2006,08,02
751,78029,SF,Senado Federal,MSF,MENSAGEM (SF),Não,2006-08-02,2006,08,02
752,78096,SF,Senado Federal,MSF,MENSAGEM (SF),Não,2006-08-02,2006,08,02
753,77969,SF,Senado Federal,MSF,MENSAGEM (SF),Não,2006-08-02,2006,08,02
754,78097,SF,Senado Federal,MSF,MENSAGEM (SF),Não,2006-08-02,2006,08,02
755,78228,SF,Senado Federal,MSF,MENSAGEM (SF),Não,2006-08-02,2006,08,02
756,76678,SF,Senado Federal,PEC,PROPOSTA DE EMENDA À CONSTITUIÇÃO,Não,2006-07-04,2006,07,04
757,77480,SF,Senado Federal,MSF,MENSAGEM (SF),Não,2006-06-20,2006,06,20
758,78117,SF,Senado Federal,MSF,MENSAGEM (SF),Não,2006-06-20,2006,06,20
759,77847,SF,Senado Federal,MSF,MENSAGEM (SF),Não,2006-06-20,2006,06,20
760,76872,SF,Senado Federal,MSF,MENSAGEM (SF),Não,2006-06-20,2006,06,20
761,77705,SF,Senado Federal,MSF,MENSAGEM (SF),Não,2006-06-20,2006,06,20
762,76076,SF,Senado Federal,MSF,MENSAGEM (SF),Não,2006-06-20,2006,06,20
763,77787,SF,Senado Federal,MSF,MENSAGEM (SF),Não,2006-06-20,2006,06,20
764,77479,SF,Senado Federal,MSF,MENSAGEM (SF),Não,2006-06-20,2006,06,20
765,42564,SF,Senado Federal,PEC,PROPOSTA DE EMENDA À CONSTITUIÇÃO,Não,2002-04-24,2002,04,24
766,47976,SF,Senado Federal,PEC,PROPOSTA DE EMENDA À CONSTITUIÇÃO,Não,2002-04-10,2002,04,10
767,48183,SF,Senado Federal,PEC,PROPOSTA DE EMENDA À CONSTITUIÇÃO,Não,2002-04-10,2002,04,10
768,48869,SF,Senado Federal,PEC,PROPOSTA DE EMENDA À CONSTITUIÇÃO,Não,2002-04-10,2002,04,10
769,49225,SF,Senado Federal,PRS,PROJETO DE RESOLUÇÃO DO SENADO,Não,2002-04-09,2002,04,09
770,49742,SF,Senado Federal,PRS,PROJETO DE RESOLUÇÃO DO SENADO,Não,2002-04-03,2002,04,03
771,48848,,,MPV,MEDIDA PROVISÓRIA,Não,2002-03-20,2002,03,20
772,1121,SF,Senado Federal,PLS,PROJETO DE LEI DO SENADO,Não,2002-02-27,2002,02,27
773,47260,SF,Senado Federal,PDS,PROJETO DE DECRETO LEGISLATIVO (SF),Não,2002-02-26,2002,02,26
774,49099,SF,Senado Federal,PEC,PROPOSTA DE EMENDA À CONSTITUIÇÃO,Não,2001-12-19,2001,12,19
775,49095,SF,Senado Federal,PEC,PROPOSTA DE EMENDA À CONSTITUIÇÃO,Não,2001-12-18,2001,12,18
776,44885,SF,Senado Federal,PEC,PROPOSTA DE EMENDA À CONSTITUIÇÃO,Não,2001-12-12,2001,12,12
777,48479,SF,Senado Federal,PEC,PROPOSTA DE EMENDA À CONSTITUIÇÃO,Não,2001-12-12,2001,12,12
778,47980,SF,Senado Federal,PLS,PROJETO DE LEI DO SENADO,Não,2001-12-12,2001,12,12
779,49186,SF,Senado Federal,RQS,REQUERIMENTO,Não,2001-12-12,2001,12,12
780,47269,SF,Senado Federal,PEC,PROPOSTA DE EMENDA À CONSTITUIÇÃO,Não,2001-12-11,2001,12,11
781,48602,SF,Senado Federal,PEC,PROPOSTA DE EMENDA À CONSTITUIÇÃO,Não,2001-12-11,2001,12,11
782,47834,SF,Senado Federal,PEC,PROPOSTA DE EMENDA À CONSTITUIÇÃO,Não,2001-12-05,2001,12,05
783,1025,SF,Senado Federal,PLC,PROJETO DE LEI DA CÂMARA,Não,2001-11-27,2001,11,27
784,46582,SF,Senado Federal,RQS,REQUERIMENTO,Não,2001-10-31,2001,10,31
785,1682,SF,Senado Federal,PLS,PROJETO DE LEI DO SENADO,Não,2001-10-24,2001,10,24
786,55711,SF,Senado Federal,PRS,PROJETO DE RESOLUÇÃO DO SENADO,Não,2003-11-06,2003,11,06
787,62800,SF,Senado Federal,PLC,PROJETO DE LEI DA CÂMARA,Não,2003-11-05,2003,11,05
788,56008,SF,Senado Federal,PEC,PROPOSTA DE EMENDA À CONSTITUIÇÃO,Não,2003-11-05,2003,11,05
789,63410,SF,Senado Federal,RQS,REQUERIMENTO,Não,2003-10-30,2003,10,30
790,53904,SF,Senado Federal,MSF,MENSAGEM (SF),Não,2003-10-28,2003,10,28
791,61289,SF,Senado Federal,MSF,MENSAGEM (SF),Não,2003-10-22,2003,10,22
792,50697,SF,Senado Federal,MSF,MENSAGEM (SF),Não,2003-10-22,2003,10,22
793,61068,SF,Senado Federal,MSF,MENSAGEM (SF),Não,2003-10-22,2003,10,22
794,61582,SF,Senado Federal,MSF,MENSAGEM (SF),Não,2003-10-22,2003,10,22
795,62136,SF,Senado Federal,MSF,MENSAGEM (SF),Não,2003-10-22,2003,10,22
796,62134,SF,Senado Federal,MSF,MENSAGEM (SF),Não,2003-10-21,2003,10,21
797,60841,SF,Senado Federal,MSF,MENSAGEM (SF),Não,2003-10-21,2003,10,21
798,61073,SF,Senado Federal,MSF,MENSAGEM (SF),Não,2003-10-21,2003,10,21
799,61071,SF,Senado Federal,MSF,MENSAGEM (SF),Não,2003-10-21,2003,10,21
800,54314,SF,Senado Federal,MSF,MENSAGEM (SF),Não,2003-10-21,2003,10,21
801,62665,SF,Senado Federal,MSF,MENSAGEM (SF),Não,2003-10-21,2003,10,21
802,40848,SF,Senado Federal,PEC,PROPOSTA DE EMENDA À CONSTITUIÇÃO,Não,2003-09-17,2003,09,17
803,59791,SF,Senado Federal,MSF,MENSAGEM (SF),Não,2003-09-17,2003,09,17
804,60301,SF,Senado Federal,MSF,MENSAGEM (SF),Não,2003-09-17,2003,09,17
805,61075,SF,Senado Federal,MSF,MENSAGEM (SF),Não,2003-09-17,2003,09,17
806,59930,SF,Senado Federal,MSF,MENSAGEM (SF),Não,2003-09-17,2003,09,17
807,1206,SF,Senado Federal,PLS,PROJETO DE LEI DO SENADO,Não,2003-09-17,2003,09,17
808,58389,SF,Senado Federal,MSF,MENSAGEM (SF),Não,2003-09-10,2003,09,10
809,59651,SF,Senado Federal,MSF,MENSAGEM (SF),Não,2003-09-10,2003,09,10
810,59189,,,MPV,MEDIDA PROVISÓRIA,Não,2003-09-09,2003,09,09
811,58714,,,MPV,MEDIDA PROVISÓRIA,Não,2003-08-12,2003,08,12
812,67695,SF,Senado Federal,PLV,PROJETO DE LEI DE CONVERSÃO (CN),Não,2004-05-19,2004,05,19
813,67731,SF,Senado Federal,PDS,PROJETO DE DECRETO LEGISLATIVO (SF),Não,2004-05-19,2004,05,19
814,66470,SF,Senado Federal,MSF,MENSAGEM (SF),Não,2004-05-19,2004,05,19
815,67371,SF,Senado Federal,MSF,MENSAGEM (SF),Não,2004-05-19,2004,05,19
816,65001,SF,Senado Federal,MSF,MENSAGEM (SF),Não,2004-05-19,2004,05,19
817,67050,SF,Senado Federal,MSF,MENSAGEM (SF),Não,2004-05-19,2004,05,19
818,67191,SF,Senado Federal,MSF,MENSAGEM (SF),Não,2004-05-19,2004,05,19
819,67193,SF,Senado Federal,MSF,MENSAGEM (SF),Não,2004-05-19,2004,05,19
820,67115,SF,Senado Federal,MSF,MENSAGEM (SF),Não,2004-05-19,2004,05,19
821,67116,SF,Senado Federal,MSF,MENSAGEM (SF),Não,2004-05-19,2004,05,19
822,67335,SF,Senado Federal,MSF,MENSAGEM (SF),Não,2004-05-19,2004,05,19
823,67554,SF,Senado Federal,MSF,MENSAGEM (SF),Não,2004-05-19,2004,05,19
824,67696,SF,Senado Federal,PLV,PROJETO DE LEI DE CONVERSÃO (CN),Não,2004-05-19,2004,05,19
825,58172,SF,Senado Federal,MSF,MENSAGEM (SF),Não,2004-05-19,2004,05,19
826,83804,SF,Senado Federal,MSF,MENSAGEM (SF),Não,2008-03-04,2008,03,04
827,81729,SF,Senado Federal,PLV,PROJETO DE LEI DE CONVERSÃO (CN),Não,2007-08-07,2007,08,07
828,81781,SF,Senado Federal,PLC,PROJETO DE LEI DA CÂMARA,Não,2007-08-07,2007,08,07
829,77138,SF,Senado Federal,MSF,MENSAGEM (SF),Não,2006-07-11,2006,07,11
830,78226,SF,Senado Federal,MSF,MENSAGEM (SF),Não,2006-07-11,2006,07,11
831,76522,SF,Senado Federal,MSF,MENSAGEM (SF),Não,2006-07-11,2006,07,11
832,78143,SF,Senado Federal,MSF,MENSAGEM (SF),Não,2006-07-11,2006,07,11
833,76994,SF,Senado Federal,MSF,MENSAGEM (SF),Não,2006-07-11,2006,07,11
834,77788,SF,Senado Federal,MSF,MENSAGEM (SF),Não,2006-07-11,2006,07,11
835,77839,SF,Senado Federal,MSF,MENSAGEM (SF),Não,2006-07-11,2006,07,11
836,76328,SF,Senado Federal,MSF,MENSAGEM (SF),Não,2006-07-11,2006,07,11
837,77789,SF,Senado Federal,MSF,MENSAGEM (SF),Não,2006-07-11,2006,07,11
838,77970,SF,Senado Federal,MSF,MENSAGEM (SF),Não,2006-07-11,2006,07,11
839,77590,SF,Senado Federal,MSF,MENSAGEM (SF),Não,2006-07-11,2006,07,11
840,76384,SF,Senado Federal,MSF,MENSAGEM (SF),Não,2006-07-11,2006,07,11
841,77456,SF,Senado Federal,MSF,MENSAGEM (SF),Não,2006-07-11,2006,07,11
842,76523,SF,Senado Federal,MSF,MENSAGEM (SF),Não,2006-07-11,2006,07,11
843,127309,SF,Senado Federal,MSF,MENSAGEM (SF),Não,2016-12-14,2016,12,14
844,126954,SF,Senado Federal,MSF,MENSAGEM (SF),Não,2016-12-14,2016,12,14
845,123221,SF,Senado Federal,SCD,SUBSTITUTIVO DA CÂMARA DOS DEPUTADOS A PROJETO DE LEI DO SENADO,Não,2016-12-14,2016,12,14
846,126817,SF,Senado Federal,PLC,PROJETO DE LEI DA CÂMARA,Não,2016-12-14,2016,12,14
847,127737,SF,Senado Federal,MSF,MENSAGEM (SF),Não,2016-12-14,2016,12,14
848,127738,SF,Senado Federal,MSF,MENSAGEM (SF),Não,2016-12-14,2016,12,14
849,127112,SF,Senado Federal,MSF,MENSAGEM (SF),Não,2016-12-14,2016,12,14
850,127308,SF,Senado Federal,MSF,MENSAGEM (SF),Não,2016-12-14,2016,12,14
851,864,SF,Senado Federal,PEC,PROPOSTA DE EMENDA À CONSTITUIÇÃO,Não,1999-05-05,1999,05,05
852,669,SF,Senado Federal,PDS,PROJETO DE DECRETO LEGISLATIVO (SF),Não,1999-04-20,1999,04,20
853,672,SF,Senado Federal,PDS,PROJETO DE DECRETO LEGISLATIVO (SF),Não,1999-04-20,1999,04,20
854,673,SF,Senado Federal,PDS,PROJETO DE DECRETO LEGISLATIVO (SF),Não,1999-04-20,1999,04,20
855,651,SF,Senado Federal,PDS,PROJETO DE DECRETO LEGISLATIVO (SF),Não,1999-04-19,1999,04,19
856,17310,SF,Senado Federal,PDS,PROJETO DE DECRETO LEGISLATIVO (SF),Não,1999-03-24,1999,03,24
857,4151,SF,Senado Federal,MSF,MENSAGEM (SF),Não,1999-03-24,1999,03,24
858,17289,SF,Senado Federal,PDS,PROJETO DE DECRETO LEGISLATIVO (SF),Não,1999-03-24,1999,03,24
859,17178,SF,Senado Federal,PDS,PROJETO DE DECRETO LEGISLATIVO (SF),Não,1999-03-23,1999,03,23
860,17207,SF,Senado Federal,PDS,PROJETO DE DECRETO LEGISLATIVO (SF),Não,1999-03-23,1999,03,23
861,17318,SF,Senado Federal,PDS,PROJETO DE DECRETO LEGISLATIVO (SF),Não,1999-03-23,1999,03,23
862,17343,SF,Senado Federal,PDS,PROJETO DE DECRETO LEGISLATIVO (SF),Não,1999-03-23,1999,03,23
863,6739,SF,Senado Federal,MSF,MENSAGEM (SF),Não,1999-03-22,1999,03,22
864,17956,SF,Senado Federal,PEC,PROPOSTA DE EMENDA À CONSTITUIÇÃO,Não,1999-03-18,1999,03,18
865,17095,SF,Senado Federal,PDS,PROJETO DE DECRETO LEGISLATIVO (SF),Não,1999-03-17,1999,03,17
866,17146,SF,Senado Federal,PDS,PROJETO DE DECRETO LEGISLATIVO (SF),Não,1999-03-17,1999,03,17
867,4089,SF,Senado Federal,MSF,MENSAGEM (SF),Não,1999-03-17,1999,03,17
868,4102,SF,Senado Federal,MSF,MENSAGEM (SF),Não,1999-03-17,1999,03,17
869,4140,SF,Senado Federal,MSF,MENSAGEM (SF),Não,1999-03-17,1999,03,17
870,16990,SF,Senado Federal,PDS,PROJETO DE DECRETO LEGISLATIVO (SF),Não,1999-03-16,1999,03,16
871,17057,SF,Senado Federal,PDS,PROJETO DE DECRETO LEGISLATIVO (SF),Não,1999-03-16,1999,03,16
872,17400,SF,Senado Federal,PDS,PROJETO DE DECRETO LEGISLATIVO (SF),Não,1999-03-10,1999,03,10
873,16966,SF,Senado Federal,PDS,PROJETO DE DECRETO LEGISLATIVO (SF),Não,1999-03-10,1999,03,10
874,17806,SF,Senado Federal,PDS,PROJETO DE DECRETO LEGISLATIVO (SF),Não,1999-03-09,1999,03,09
875,17375,SF,Senado Federal,PDS,PROJETO DE DECRETO LEGISLATIVO (SF),Não,1999-03-09,1999,03,09
876,1541,SF,Senado Federal,PLS,PROJETO DE LEI DO SENADO,Não,2001-04-25,2001,04,25
877,816,SF,Senado Federal,PEC,PROPOSTA DE EMENDA À CONSTITUIÇÃO,Não,2001-04-25,2001,04,25
878,666,SF,Senado Federal,PDS,PROJETO DE DECRETO LEGISLATIVO (SF),Não,2001-04-25,2001,04,25
879,1587,SF,Senado Federal,PLS,PROJETO DE LEI DO SENADO,Não,2001-04-04,2001,04,04
880,42831,SF,Senado Federal,PLC,PROJETO DE LEI DA CÂMARA,Não,2001-03-28,2001,03,28
881,43066,SF,Senado Federal,PLC,PROJETO DE LEI DA CÂMARA,Não,2001-03-28,2001,03,28
882,45964,SF,Senado Federal,MSF,MENSAGEM (SF),Não,2001-02-21,2001,02,21
883,45963,SF,Senado Federal,MSF,MENSAGEM (SF),Não,2001-02-21,2001,02,21
884,45839,SF,Senado Federal,MSF,MENSAGEM (SF),Não,2000-12-28,2000,12,28
885,45965,SF,Senado Federal,MSF,MENSAGEM (SF),Não,2000-12-28,2000,12,28
886,42251,SF,Senado Federal,PLC,PROJETO DE LEI DA CÂMARA,Não,2000-12-14,2000,12,14
887,46003,SF,Senado Federal,PLC,PROJETO DE LEI DA CÂMARA,Não,2000-12-13,2000,12,13
888,1597,SF,Senado Federal,PLS,PROJETO DE LEI DO SENADO,Não,2000-12-13,2000,12,13
889,43334,SF,Senado Federal,PLS,PROJETO DE LEI DO SENADO,Não,2000-12-06,2000,12,06
890,42257,SF,Senado Federal,PLS,PROJETO DE LEI DO SENADO,Não,2000-11-29,2000,11,29
891,45471,SF,Senado Federal,MSF,MENSAGEM (SF),Não,2000-11-29,2000,11,29
892,45838,SF,Senado Federal,MSF,MENSAGEM (SF),Não,2000-11-29,2000,11,29
893,45712,SF,Senado Federal,MSF,MENSAGEM (SF),Não,2000-11-22,2000,11,22
894,42823,SF,Senado Federal,PLS,PROJETO DE LEI DO SENADO,Não,2000-11-22,2000,11,22
895,44916,SF,Senado Federal,PLC,PROJETO DE LEI DA CÂMARA,Não,2000-11-21,2000,11,21
896,45389,SF,Senado Federal,MSF,MENSAGEM (SF),Não,2000-11-21,2000,11,21
897,45662,SF,Senado Federal,MSF,MENSAGEM (SF),Não,2000-11-21,2000,11,21
898,45510,SF,Senado Federal,MSF,MENSAGEM (SF),Não,2000-11-21,2000,11,21
899,40521,SF,Senado Federal,PLS,PROJETO DE LEI DO SENADO,Não,2000-10-18,2000,10,18
900,43151,SF,Senado Federal,PLS,PROJETO DE LEI DO SENADO,Não,2000-10-10,2000,10,10
901,45051,SF,Senado Federal,MSF,MENSAGEM (SF),Não,2000-10-10,2000,10,10
902,45052,SF,Senado Federal,MSF,MENSAGEM (SF),Não,2000-10-10,2000,10,10
903,45054,SF,Senado Federal,MSF,MENSAGEM (SF),Não,2000-10-10,2000,10,10
904,45059,SF,Senado Federal,MSF,MENSAGEM (SF),Não,2000-10-10,2000,10,10
905,45053,SF,Senado Federal,MSF,MENSAGEM (SF),Não,2000-10-10,2000,10,10
906,44880,SF,Senado Federal,PLC,PROJETO DE LEI DA CÂMARA,Não,2000-10-03,2000,10,03
907,44987,SF,Senado Federal,MSF,MENSAGEM (SF),Não,2000-09-13,2000,09,13
908,44699,SF,Senado Federal,MSF,MENSAGEM (SF),Não,2000-09-13,2000,09,13
909,42450,SF,Senado Federal,PEC,PROPOSTA DE EMENDA À CONSTITUIÇÃO,Não,2000-08-10,2000,08,10
910,44134,SF,Senado Federal,PLC,PROJETO DE LEI DA CÂMARA,Não,2000-06-27,2000,06,27
911,44378,SF,Senado Federal,MSF,MENSAGEM (SF),Não,2000-06-27,2000,06,27
912,44379,SF,Senado Federal,MSF,MENSAGEM (SF),Não,2000-06-27,2000,06,27
913,44380,SF,Senado Federal,MSF,MENSAGEM (SF),Não,2000-06-27,2000,06,27
914,44377,SF,Senado Federal,MSF,MENSAGEM (SF),Não,2000-06-27,2000,06,27
915,43997,SF,Senado Federal,PLC,PROJETO DE LEI DA CÂMARA,Não,2000-06-21,2000,06,21
916,43122,SF,Senado Federal,PLC,PROJETO DE LEI DA CÂMARA,Não,2000-06-20,2000,06,20
917,41441,SF,Senado Federal,PEC,PROPOSTA DE EMENDA À CONSTITUIÇÃO,Não,2000-05-24,2000,05,24
918,43989,SF,Senado Federal,MSF,MENSAGEM (SF),Não,2000-05-24,2000,05,24
919,40479,SF,Senado Federal,PLS,PROJETO DE LEI DO SENADO,Não,2000-05-24,2000,05,24
920,43826,SF,Senado Federal,PRS,PROJETO DE RESOLUÇÃO DO SENADO,Não,2000-05-02,2000,05,02
921,43536,SF,Senado Federal,MSF,MENSAGEM (SF),Não,2000-04-18,2000,04,18
922,42718,SF,Senado Federal,PEC,PROPOSTA DE EMENDA À CONSTITUIÇÃO,Não,2000-04-12,2000,04,12
923,41711,SF,Senado Federal,PLC,PROJETO DE LEI DA CÂMARA,Não,2000-04-12,2000,04,12
924,43190,SF,Senado Federal,PLC,PROJETO DE LEI DA CÂMARA,Não,2000-04-11,2000,04,11
925,42824,SF,Senado Federal,PLS,PROJETO DE LEI DO SENADO,Não,2000-04-05,2000,04,05
926,42785,SF,Senado Federal,PLS,PROJETO DE LEI DO SENADO,Não,2000-03-29,2000,03,29
927,43475,SF,Senado Federal,MSF,MENSAGEM (SF),Não,2000-03-28,2000,03,28
928,41409,SF,Senado Federal,PLS,PROJETO DE LEI DO SENADO,Não,2000-03-22,2000,03,22
929,43153,SF,Senado Federal,PEC,PROPOSTA DE EMENDA À CONSTITUIÇÃO,Não,2000-03-15,2000,03,15
930,43272,SF,Senado Federal,MSF,MENSAGEM (SF),Não,2000-03-15,2000,03,15
931,40910,SF,Senado Federal,PLC,PROJETO DE LEI DA CÂMARA,Não,2000-02-24,2000,02,24
932,43140,SF,Senado Federal,MSF,MENSAGEM (SF),Não,2000-02-14,2000,02,14
933,42449,SF,Senado Federal,PLC,PROJETO DE LEI DA CÂMARA,Não,2000-02-01,2000,02,01
934,42634,SF,Senado Federal,MSF,MENSAGEM (SF),Não,1999-12-14,1999,12,14
935,814,SF,Senado Federal,PEC,PROPOSTA DE EMENDA À CONSTITUIÇÃO,Não,1999-12-14,1999,12,14
936,42716,SF,Senado Federal,PRS,PROJETO DE RESOLUÇÃO DO SENADO,Não,1999-12-14,1999,12,14
937,42400,SF,Senado Federal,PEC,PROPOSTA DE EMENDA À CONSTITUIÇÃO,Não,1999-12-01,1999,12,01
938,41825,SF,Senado Federal,PLC,PROJETO DE LEI DA CÂMARA,Não,1999-11-24,1999,11,24
939,42062,SF,Senado Federal,PRS,PROJETO DE RESOLUÇÃO DO SENADO,Não,1999-11-23,1999,11,23
940,42064,SF,Senado Federal,PLC,PROJETO DE LEI DA CÂMARA,Não,1999-11-17,1999,11,17
941,1424,SF,Senado Federal,PLS,PROJETO DE LEI DO SENADO,Não,1999-11-17,1999,11,17
942,881,SF,Senado Federal,PLC,PROJETO DE LEI DA CÂMARA,Não,1999-11-11,1999,11,11
943,42178,SF,Senado Federal,PRS,PROJETO DE RESOLUÇÃO DO SENADO,Não,1999-10-28,1999,10,28
944,895,SF,Senado Federal,PLC,PROJETO DE LEI DA CÂMARA,Não,1999-10-27,1999,10,27
945,1528,SF,Senado Federal,PLS,PROJETO DE LEI DO SENADO,Não,1999-10-21,1999,10,21
946,891,SF,Senado Federal,PLC,PROJETO DE LEI DA CÂMARA,Não,1999-10-20,1999,10,20
947,41859,SF,Senado Federal,MSF,MENSAGEM (SF),Não,1999-10-20,1999,10,20
948,649,SF,Senado Federal,PDS,PROJETO DE DECRETO LEGISLATIVO (SF),Não,1999-10-19,1999,10,19
949,40336,SF,Senado Federal,PDS,PROJETO DE DECRETO LEGISLATIVO (SF),Não,1999-10-19,1999,10,19
950,647,SF,Senado Federal,PDS,PROJETO DE DECRETO LEGISLATIVO (SF),Não,1999-10-06,1999,10,06
951,40350,SF,Senado Federal,PRS,PROJETO DE RESOLUÇÃO DO SENADO,Não,1999-10-06,1999,10,06
952,41042,SF,Senado Federal,PDS,PROJETO DE DECRETO LEGISLATIVO (SF),Não,1999-10-06,1999,10,06
953,41598,SF,Senado Federal,PLS,PROJETO DE LEI DO SENADO,Não,1999-10-05,1999,10,05
954,723,SF,Senado Federal,PDS,PROJETO DE DECRETO LEGISLATIVO (SF),Não,1999-10-05,1999,10,05
955,41832,SF,Senado Federal,MSF,MENSAGEM (SF),Não,1999-10-05,1999,10,05
956,41833,SF,Senado Federal,MSF,MENSAGEM (SF),Não,1999-10-05,1999,10,05
957,41788,SF,Senado Federal,MSF,MENSAGEM (SF),Não,1999-09-29,1999,09,29
958,41623,SF,Senado Federal,MSF,MENSAGEM (SF),Não,1999-09-29,1999,09,29
959,796,SF,Senado Federal,PDS,PROJETO DE DECRETO LEGISLATIVO (SF),Não,1999-09-28,1999,09,28
960,686,SF,Senado Federal,PDS,PROJETO DE DECRETO LEGISLATIVO (SF),Não,1999-09-22,1999,09,22
961,716,SF,Senado Federal,PDS,PROJETO DE DECRETO LEGISLATIVO (SF),Não,1999-09-22,1999,09,22
962,775,SF,Senado Federal,PDS,PROJETO DE DECRETO LEGISLATIVO (SF),Não,1999-09-21,1999,09,21
963,597,SF,Senado Federal,PDS,PROJETO DE DECRETO LEGISLATIVO (SF),Não,1999-09-15,1999,09,15
964,771,SF,Senado Federal,PDS,PROJETO DE DECRETO LEGISLATIVO (SF),Não,1999-09-15,1999,09,15
965,742,SF,Senado Federal,PDS,PROJETO DE DECRETO LEGISLATIVO (SF),Não,1999-09-14,1999,09,14
966,765,SF,Senado Federal,PDS,PROJETO DE DECRETO LEGISLATIVO (SF),Não,1999-09-14,1999,09,14
967,40843,SF,Senado Federal,PEC,PROPOSTA DE EMENDA À CONSTITUIÇÃO,Não,1999-09-01,1999,09,01
968,599,SF,Senado Federal,PDS,PROJETO DE DECRETO LEGISLATIVO (SF),Não,1999-09-01,1999,09,01
969,41060,SF,Senado Federal,PDS,PROJETO DE DECRETO LEGISLATIVO (SF),Não,1999-08-31,1999,08,31
970,650,SF,Senado Federal,PDS,PROJETO DE DECRETO LEGISLATIVO (SF),Não,1999-08-25,1999,08,25
971,40368,SF,Senado Federal,PDS,PROJETO DE DECRETO LEGISLATIVO (SF),Não,1999-08-25,1999,08,25
972,751,SF,Senado Federal,PDS,PROJETO DE DECRETO LEGISLATIVO (SF),Não,1999-08-24,1999,08,24
973,793,SF,Senado Federal,PDS,PROJETO DE DECRETO LEGISLATIVO (SF),Não,1999-08-24,1999,08,24
974,1524,SF,Senado Federal,PLS,PROJETO DE LEI DO SENADO,Não,1999-08-24,1999,08,24
975,717,SF,Senado Federal,PDS,PROJETO DE DECRETO LEGISLATIVO (SF),Não,1999-08-18,1999,08,18
976,679,SF,Senado Federal,PDS,PROJETO DE DECRETO LEGISLATIVO (SF),Não,1999-08-17,1999,08,17
977,697,SF,Senado Federal,PDS,PROJETO DE DECRETO LEGISLATIVO (SF),Não,1999-08-12,1999,08,12
978,41019,SF,Senado Federal,PRS,PROJETO DE RESOLUÇÃO DO SENADO,Não,1999-06-30,1999,06,30
979,40952,SF,Senado Federal,MSF,MENSAGEM (SF),Não,1999-06-29,1999,06,29
980,40940,SF,Senado Federal,MSF,MENSAGEM (SF),Não,1999-06-29,1999,06,29
981,40918,SF,Senado Federal,PDS,PROJETO DE DECRETO LEGISLATIVO (SF),Não,1999-06-28,1999,06,28
982,40927,SF,Senado Federal,PDS,PROJETO DE DECRETO LEGISLATIVO (SF),Não,1999-06-28,1999,06,28
983,40930,SF,Senado Federal,PDS,PROJETO DE DECRETO LEGISLATIVO (SF),Não,1999-06-28,1999,06,28
984,40943,SF,Senado Federal,PDS,PROJETO DE DECRETO LEGISLATIVO (SF),Não,1999-06-28,1999,06,28
985,40695,SF,Senado Federal,MSF,MENSAGEM (SF),Não,1999-06-09,1999,06,09
986,40671,SF,Senado Federal,MSF,MENSAGEM (SF),Não,1999-06-09,1999,06,09
987,887,SF,Senado Federal,PLC,PROJETO DE LEI DA CÂMARA,Não,1999-06-09,1999,06,09
988,40644,SF,Senado Federal,MSF,MENSAGEM (SF),Não,1999-06-08,1999,06,08
989,40647,SF,Senado Federal,MSF,MENSAGEM (SF),Não,1999-06-08,1999,06,08
990,40645,SF,Senado Federal,MSF,MENSAGEM (SF),Não,1999-06-08,1999,06,08
991,40563,SF,Senado Federal,PLC,PROJETO DE LEI DA CÂMARA,Não,1999-06-01,1999,06,01
992,40227,SF,Senado Federal,MSF,MENSAGEM (SF),Não,1999-05-19,1999,05,19
993,40229,SF,Senado Federal,MSF,MENSAGEM (SF),Não,1999-05-19,1999,05,19
994,104943,SF,Senado Federal,PLV,PROJETO DE LEI DE CONVERSÃO (CN),Não,2012-04-25,2012,04,25
995,103817,SF,Senado Federal,OFS,"OFICIO ""S""",Não,2012-04-25,2012,04,25
996,98788,SF,Senado Federal,PRS,PROJETO DE RESOLUÇÃO DO SENADO,Não,2012-04-24,2012,04,24
997,104260,SF,Senado Federal,MSF,MENSAGEM (SF),Não,2012-04-11,2012,04,11
998,104253,SF,Senado Federal,MSF,MENSAGEM (SF),Não,2012-04-11,2012,04,11
999,104259,SF,Senado Federal,MSF,MENSAGEM (SF),Não,2012-04-11,2012,04,11
1000,104256,SF,Senado Federal,MSF,MENSAGEM (SF),Não,2012-04-11,2012,04,11
1001,104261,SF,Senado Federal,MSF,MENSAGEM (SF),Não,2012-04-11,2012,04,11
1002,96673,SF,Senado Federal,PLC,PROJETO DE LEI DA CÂMARA,Não,2012-04-03,2012,04,03
1003,104252,SF,Senado Federal,MSF,MENSAGEM (SF),Não,2012-04-03,2012,04,03
1004,104266,SF,Senado Federal,PEC,PROPOSTA DE EMENDA À CONSTITUIÇÃO,Não,2012-03-20,2012,03,20
1005,102854,SF,Senado Federal,MSF,MENSAGEM (SF),Não,2012-03-07,2012,03,07
1006,104069,SF,Senado Federal,MSF,MENSAGEM (SF),Não,2012-03-07,2012,03,07
1007,103776,SF,Senado Federal,MSF,MENSAGEM (SF),Não,2012-03-07,2012,03,07
1008,103749,SF,Senado Federal,MSF,MENSAGEM (SF),Não,2012-02-08,2012,02,08
1009,103351,SF,Senado Federal,PEC,PROPOSTA DE EMENDA À CONSTITUIÇÃO,Não,2011-12-08,2011,12,08
1010,102551,SF,Senado Federal,SCD,SUBSTITUTIVO DA CÂMARA DOS DEPUTADOS A PROJETO DE LEI DO SENADO,Não,2011-12-07,2011,12,07
1011,100136,SF,Senado Federal,MSF,MENSAGEM (SF),Não,2011-06-07,2011,06,07
1012,100137,SF,Senado Federal,MSF,MENSAGEM (SF),Não,2011-06-07,2011,06,07
1013,100067,SF,Senado Federal,MSF,MENSAGEM (SF),Não,2011-06-07,2011,06,07
1014,100068,SF,Senado Federal,MSF,MENSAGEM (SF),Não,2011-06-07,2011,06,07
1015,100142,SF,Senado Federal,MSF,MENSAGEM (SF),Não,2011-08-03,2011,08,03
1016,101053,SF,Senado Federal,PLV,PROJETO DE LEI DE CONVERSÃO (CN),Não,2011-08-03,2011,08,03
1017,101055,SF,Senado Federal,MSF,MENSAGEM (SF),Não,2011-08-03,2011,08,03
1018,102335,SF,Senado Federal,PLV,PROJETO DE LEI DE CONVERSÃO (CN),Não,2011-10-05,2011,10,05
1019,100972,,,MPV,MEDIDA PROVISÓRIA,Não,2011-10-05,2011,10,05
1020,102107,SF,Senado Federal,PLC,PROJETO DE LEI DA CÂMARA,Não,2011-10-05,2011,10,05
1021,98955,SF,Senado Federal,MSF,MENSAGEM (SF),Não,2011-04-26,2011,04,26
1022,98942,SF,Senado Federal,MSF,MENSAGEM (SF),Não,2011-04-26,2011,04,26
1023,98953,SF,Senado Federal,MSF,MENSAGEM (SF),Não,2011-04-26,2011,04,26
1024,98954,SF,Senado Federal,MSF,MENSAGEM (SF),Não,2011-04-26,2011,04,26
1025,97893,SF,Senado Federal,MSF,MENSAGEM (SF),Não,2010-11-30,2010,11,30
1026,98142,SF,Senado Federal,MSF,MENSAGEM (SF),Não,2010-11-30,2010,11,30
1027,98141,SF,Senado Federal,MSF,MENSAGEM (SF),Não,2010-11-10,2010,11,10
1028,97967,SF,Senado Federal,MSF,MENSAGEM (SF),Não,2010-11-09,2010,11,09
1029,97947,SF,Senado Federal,MSF,MENSAGEM (SF),Não,2010-11-09,2010,11,09
1030,96775,SF,Senado Federal,MSF,MENSAGEM (SF),Não,2010-11-09,2010,11,09
1031,96776,SF,Senado Federal,MSF,MENSAGEM (SF),Não,2010-11-09,2010,11,09
1032,97004,SF,Senado Federal,MSF,MENSAGEM (SF),Não,2010-11-09,2010,11,09
1033,97892,SF,Senado Federal,MSF,MENSAGEM (SF),Não,2010-11-09,2010,11,09
1034,88888,SF,Senado Federal,PDS,PROJETO DE DECRETO LEGISLATIVO (SF),Não,2009-12-15,2009,12,15
1035,93784,SF,Senado Federal,PLC,PROJETO DE LEI DA CÂMARA,Não,2009-12-15,2009,12,15
1036,127457,SF,Senado Federal,MSF,MENSAGEM (SF),Não,2017-02-08,2017,02,08
1037,126992,,,MPV,MEDIDA PROVISÓRIA,Não,2017-02-08,2017,02,08
1038,127113,SF,Senado Federal,MSF,MENSAGEM (SF),Não,2017-02-07,2017,02,07
1039,127325,SF,Senado Federal,MSF,MENSAGEM (SF),Não,2017-02-07,2017,02,07
1040,126826,,,MPV,MEDIDA PROVISÓRIA,Não,2017-02-07,2017,02,07
1041,127970,SF,Senado Federal,MSF,MENSAGEM (SF),Não,2017-02-22,2017,02,22
1042,127262,SF,Senado Federal,PEC,PROPOSTA DE EMENDA À CONSTITUIÇÃO,Não,2017-02-14,2017,02,14
1043,101621,SF,Senado Federal,PLS,PROJETO DE LEI DO SENADO,Não,2015-12-16,2015,12,16
1044,116168,SF,Senado Federal,MSF,MENSAGEM (SF),Não,2014-03-18,2014,03,18
1045,116150,SF,Senado Federal,MSF,MENSAGEM (SF),Não,2014-03-18,2014,03,18
1046,116161,SF,Senado Federal,MSF,MENSAGEM (SF),Não,2014-03-18,2014,03,18
1047,118463,SF,Senado Federal,MSF,MENSAGEM (SF),Não,2014-12-10,2014,12,10
1048,115434,SF,Senado Federal,MSF,MENSAGEM (SF),Não,2013-12-03,2013,12,03
1049,115435,SF,Senado Federal,MSF,MENSAGEM (SF),Não,2013-12-03,2013,12,03
1050,115433,SF,Senado Federal,MSF,MENSAGEM (SF),Não,2013-12-03,2013,12,03
1051,113795,SF,Senado Federal,MSF,MENSAGEM (SF),Não,2013-11-26,2013,11,26
1052,113793,SF,Senado Federal,MSF,MENSAGEM (SF),Não,2013-11-26,2013,11,26
1053,113998,SF,Senado Federal,MSF,MENSAGEM (SF),Não,2013-11-26,2013,11,26
1054,102439,SF,Senado Federal,PLC,PROJETO DE LEI DA CÂMARA,Não,2011-11-23,2011,11,23
1055,94465,SF,Senado Federal,MSF,MENSAGEM (SF),Não,2009-12-16,2009,12,16
1056,94461,SF,Senado Federal,MSF,MENSAGEM (SF),Não,2009-12-16,2009,12,16
1057,94541,SF,Senado Federal,MSF,MENSAGEM (SF),Não,2009-12-16,2009,12,16
1058,94537,SF,Senado Federal,MSF,MENSAGEM (SF),Não,2009-12-16,2009,12,16
1059,94539,SF,Senado Federal,MSF,MENSAGEM (SF),Não,2009-12-16,2009,12,16
1060,94462,SF,Senado Federal,MSF,MENSAGEM (SF),Não,2009-12-16,2009,12,16
1061,94463,SF,Senado Federal,MSF,MENSAGEM (SF),Não,2009-12-16,2009,12,16
1062,94464,SF,Senado Federal,MSF,MENSAGEM (SF),Não,2009-12-16,2009,12,16
1063,94540,SF,Senado Federal,MSF,MENSAGEM (SF),Não,2009-12-16,2009,12,16
1064,93639,SF,Senado Federal,PLC,PROJETO DE LEI DA CÂMARA,Não,2009-12-16,2009,12,16
1065,82930,SF,Senado Federal,PLS,PROJETO DE LEI DO SENADO,Não,2009-12-16,2009,12,16
1066,87198,SF,Senado Federal,PLC,PROJETO DE LEI DA CÂMARA,Não,2009-12-16,2009,12,16
1067,102850,SF,Senado Federal,MSF,MENSAGEM (SF),Não,2011-12-13,2011,12,13
1068,103279,SF,Senado Federal,MSF,MENSAGEM (SF),Não,2011-12-13,2011,12,13
1069,102853,SF,Senado Federal,MSF,MENSAGEM (SF),Não,2011-12-13,2011,12,13
1070,103127,SF,Senado Federal,MSF,MENSAGEM (SF),Não,2011-12-13,2011,12,13
1071,102855,SF,Senado Federal,MSF,MENSAGEM (SF),Não,2011-12-13,2011,12,13
1072,102851,SF,Senado Federal,MSF,MENSAGEM (SF),Não,2011-12-13,2011,12,13
1073,102852,SF,Senado Federal,MSF,MENSAGEM (SF),Não,2011-12-13,2011,12,13
1074,102856,SF,Senado Federal,MSF,MENSAGEM (SF),Não,2011-12-13,2011,12,13
1075,123551,SF,Senado Federal,PEC,PROPOSTA DE EMENDA À CONSTITUIÇÃO,Não,2016-03-22,2016,03,22
1076,124646,SF,Senado Federal,MSF,MENSAGEM (SF),Não,2016-03-22,2016,03,22
1077,127898,CN,Congresso Nacional,MPV,MEDIDA PROVISÓRIA,Não,2017-05-31,2017,05,31
1078,127879,,,MPV,MEDIDA PROVISÓRIA,Não,2017-05-31,2017,05,31
1079,128035,SF,Senado Federal,PEC,PROPOSTA DE EMENDA À CONSTITUIÇÃO,Sim,2017-05-30,2017,05,30
1080,49264,,,MPV,MEDIDA PROVISÓRIA,Não,2017-05-30,2017,05,30
1081,101007,SF,Senado Federal,PLS,PROJETO DE LEI DO SENADO,Não,2017-04-05,2017,04,05
1082,127841,SF,Senado Federal,MSF,MENSAGEM (SF),Não,2017-04-05,2017,04,05
1083,126544,SF,Senado Federal,MSF,MENSAGEM (SF),Não,2016-09-08,2016,09,08
1084,126246,SF,Senado Federal,MSF,MENSAGEM (SF),Não,2016-09-08,2016,09,08
1085,126428,SF,Senado Federal,MSF,MENSAGEM (SF),Não,2016-09-08,2016,09,08
1086,126633,SF,Senado Federal,MSF,MENSAGEM (SF),Não,2016-09-08,2016,09,08
1087,125733,,,MPV,MEDIDA PROVISÓRIA,Não,2016-09-08,2016,09,08
1088,125734,,,MPV,MEDIDA PROVISÓRIA,Não,2016-09-08,2016,09,08
1089,126572,SF,Senado Federal,MSF,MENSAGEM (SF),Não,2016-08-24,2016,08,24
1090,126447,SF,Senado Federal,MSF,MENSAGEM (SF),Não,2016-08-24,2016,08,24
1091,121968,SF,Senado Federal,PLS,PROJETO DE LEI DO SENADO,Não,2016-08-24,2016,08,24
1092,126094,SF,Senado Federal,PEC,PROPOSTA DE EMENDA À CONSTITUIÇÃO,Não,2016-08-24,2016,08,24
1093,126481,SF,Senado Federal,MSF,MENSAGEM (SF),Não,2016-08-17,2016,08,17
1094,126248,SF,Senado Federal,MSF,MENSAGEM (SF),Não,2016-08-17,2016,08,17
1095,126427,SF,Senado Federal,MSF,MENSAGEM (SF),Não,2016-08-17,2016,08,17
1096,126478,SF,Senado Federal,MSF,MENSAGEM (SF),Não,2016-08-17,2016,08,17
1097,126634,SF,Senado Federal,MSF,MENSAGEM (SF),Não,2016-08-17,2016,08,17
1098,125546,SF,Senado Federal,MSF,MENSAGEM (SF),Não,2016-08-17,2016,08,17
1099,125645,SF,Senado Federal,MSF,MENSAGEM (SF),Não,2016-08-17,2016,08,17
1100,125450,SF,Senado Federal,MSF,MENSAGEM (SF),Não,2016-08-17,2016,08,17
1101,126531,SF,Senado Federal,MSF,MENSAGEM (SF),Não,2016-08-17,2016,08,17
1102,126532,SF,Senado Federal,MSF,MENSAGEM (SF),Não,2016-08-16,2016,08,16
1103,126475,SF,Senado Federal,MSF,MENSAGEM (SF),Não,2016-08-16,2016,08,16
1104,126452,SF,Senado Federal,MSF,MENSAGEM (SF),Não,2016-08-16,2016,08,16
1105,126448,SF,Senado Federal,MSF,MENSAGEM (SF),Não,2016-08-16,2016,08,16
1106,126450,SF,Senado Federal,MSF,MENSAGEM (SF),Não,2016-08-16,2016,08,16
1107,126477,SF,Senado Federal,MSF,MENSAGEM (SF),Não,2016-08-16,2016,08,16
1108,125567,SF,Senado Federal,DEN,DENÚNCIA,Não,2016-08-09,2016,08,09
1109,125629,SF,Senado Federal,MSF,MENSAGEM (SF),Não,2016-07-13,2016,07,13
1110,125534,SF,Senado Federal,MSF,MENSAGEM (SF),Não,2016-07-13,2016,07,13
1111,126247,SF,Senado Federal,MSF,MENSAGEM (SF),Não,2016-07-13,2016,07,13
1112,118418,SF,Senado Federal,PEC,PROPOSTA DE EMENDA À CONSTITUIÇÃO,Não,2016-07-12,2016,07,12
1113,125646,SF,Senado Federal,MSF,MENSAGEM (SF),Não,2016-07-12,2016,07,12
1114,125287,SF,Senado Federal,MSF,MENSAGEM (SF),Não,2016-07-12,2016,07,12
1115,121704,SF,Senado Federal,PEC,PROPOSTA DE EMENDA À CONSTITUIÇÃO,Não,2016-07-06,2016,07,06
1116,126204,SF,Senado Federal,MSF,MENSAGEM (SF),Não,2016-07-05,2016,07,05
1117,126187,SF,Senado Federal,MSF,MENSAGEM (SF),Não,2016-07-05,2016,07,05
1118,126189,SF,Senado Federal,MSF,MENSAGEM (SF),Não,2016-07-05,2016,07,05
1119,126190,SF,Senado Federal,MSF,MENSAGEM (SF),Não,2016-07-05,2016,07,05
1120,126188,SF,Senado Federal,MSF,MENSAGEM (SF),Não,2016-07-05,2016,07,05
1121,125630,SF,Senado Federal,MSF,MENSAGEM (SF),Não,2016-07-05,2016,07,05
1122,125387,SF,Senado Federal,MSF,MENSAGEM (SF),Não,2016-06-29,2016,06,29
1123,125364,SF,Senado Federal,PLC,PROJETO DE LEI DA CÂMARA,Não,2016-06-29,2016,06,29
1124,125388,SF,Senado Federal,MSF,MENSAGEM (SF),Não,2016-06-28,2016,06,28
1125,123060,SF,Senado Federal,PLC,PROJETO DE LEI DA CÂMARA,Não,2016-06-28,2016,06,28
1126,126120,SF,Senado Federal,MSF,MENSAGEM (SF),Não,2016-06-22,2016,06,22
1127,126097,SF,Senado Federal,OFS,"OFICIO ""S""",Não,2016-06-22,2016,06,22
1128,106824,SF,Senado Federal,PEC,PROPOSTA DE EMENDA À CONSTITUIÇÃO,Não,2016-06-15,2016,06,15
1129,125995,SF,Senado Federal,MSF,MENSAGEM (SF),Não,2016-06-14,2016,06,14
1130,125034,SF,Senado Federal,MSF,MENSAGEM (SF),Não,2016-06-08,2016,06,08
1131,91341,SF,Senado Federal,PLS,PROJETO DE LEI DO SENADO,Não,2016-06-07,2016,06,07
1132,125831,SF,Senado Federal,MSF,MENSAGEM (SF),Não,2016-06-07,2016,06,07
1133,124476,SF,Senado Federal,PEC,PROPOSTA DE EMENDA À CONSTITUIÇÃO,Não,2016-06-07,2016,06,07
1134,125531,SF,Senado Federal,MSF,MENSAGEM (SF),Não,2016-05-18,2016,05,18
1135,125708,SF,Senado Federal,PRS,PROJETO DE RESOLUÇÃO DO SENADO,Não,2016-05-10,2016,05,10
1136,125271,SF,Senado Federal,MSF,MENSAGEM (SF),Não,2016-04-27,2016,04,27
1137,125035,SF,Senado Federal,MSF,MENSAGEM (SF),Não,2016-04-19,2016,04,19
1138,124720,SF,Senado Federal,MSF,MENSAGEM (SF),Não,2016-04-19,2016,04,19
1139,124918,SF,Senado Federal,MSF,MENSAGEM (SF),Não,2016-04-19,2016,04,19
1140,124219,SF,Senado Federal,PEC,PROPOSTA DE EMENDA À CONSTITUIÇÃO,Não,2016-04-13,2016,04,13
1141,123909,SF,Senado Federal,PEC,PROPOSTA DE EMENDA À CONSTITUIÇÃO,Sim,2016-04-13,2016,04,13
1142,121426,SF,Senado Federal,PLS,PROJETO DE LEI DO SENADO,Não,2016-04-12,2016,04,12
1143,119852,SF,Senado Federal,PLS,PROJETO DE LEI DO SENADO,Não,2016-04-06,2016,04,06
1144,124721,SF,Senado Federal,MSF,MENSAGEM (SF),Não,2016-03-29,2016,03,29
1145,125184,SF,Senado Federal,MSF,MENSAGEM (SF),Não,2016-03-29,2016,03,29
1146,125183,SF,Senado Federal,MSF,MENSAGEM (SF),Não,2016-03-29,2016,03,29
1147,125187,SF,Senado Federal,MSF,MENSAGEM (SF),Não,2016-03-29,2016,03,29
1148,123715,SF,Senado Federal,PLC,PROJETO DE LEI DA CÂMARA,Não,2016-03-29,2016,03,29
1149,124644,SF,Senado Federal,MSF,MENSAGEM (SF),Não,2016-03-23,2016,03,23
1150,124815,SF,Senado Federal,PEC,PROPOSTA DE EMENDA À CONSTITUIÇÃO,Não,2016-03-16,2016,03,16
1151,122838,SF,Senado Federal,PLS,PROJETO DE LEI DO SENADO,Não,2016-03-15,2016,03,15
1152,124643,SF,Senado Federal,MSF,MENSAGEM (SF),Não,2016-03-09,2016,03,09
1153,124648,SF,Senado Federal,MSF,MENSAGEM (SF),Não,2016-03-09,2016,03,09
1154,124979,SF,Senado Federal,MSF,MENSAGEM (SF),Não,2016-03-09,2016,03,09
1155,124980,SF,Senado Federal,MSF,MENSAGEM (SF),Não,2016-03-09,2016,03,09
1156,124878,SF,Senado Federal,MSF,MENSAGEM (SF),Não,2016-03-09,2016,03,09
1157,123467,,,MPV,MEDIDA PROVISÓRIA,Não,2016-03-09,2016,03,09
1158,123432,,,MPV,MEDIDA PROVISÓRIA,Não,2016-03-08,2016,03,08
1159,113790,SF,Senado Federal,MSF,MENSAGEM (SF),Não,2013-10-02,2013,10,02
1160,113796,SF,Senado Federal,MSF,MENSAGEM (SF),Não,2013-10-02,2013,10,02
1161,114000,SF,Senado Federal,MSF,MENSAGEM (SF),Não,2013-10-02,2013,10,02
1162,114189,SF,Senado Federal,MSF,MENSAGEM (SF),Não,2013-10-01,2013,10,01
1163,113794,SF,Senado Federal,MSF,MENSAGEM (SF),Não,2013-10-01,2013,10,01
1164,114363,SF,Senado Federal,MSF,MENSAGEM (SF),Não,2013-10-01,2013,10,01
1165,103793,SF,Senado Federal,PEC,PROPOSTA DE EMENDA À CONSTITUIÇÃO,Não,2013-09-24,2013,09,24
1166,114416,SF,Senado Federal,OFS,"OFICIO ""S""",Não,2013-09-17,2013,09,17
1167,112161,SF,Senado Federal,PEC,PROPOSTA DE EMENDA À CONSTITUIÇÃO,Não,2013-09-11,2013,09,11
1168,113995,SF,Senado Federal,MSF,MENSAGEM (SF),Não,2013-09-10,2013,09,10
1169,114034,SF,Senado Federal,MSF,MENSAGEM (SF),Não,2013-09-10,2013,09,10
1170,113996,SF,Senado Federal,MSF,MENSAGEM (SF),Não,2013-09-10,2013,09,10
1171,113820,SF,Senado Federal,MSF,MENSAGEM (SF),Não,2013-08-28,2013,08,28
1172,105947,SF,Senado Federal,PLC,PROJETO DE LEI DA CÂMARA,Não,2013-08-27,2013,08,27
1173,90255,SF,Senado Federal,PLS,PROJETO DE LEI DO SENADO,Não,2013-08-27,2013,08,27
1174,113792,SF,Senado Federal,MSF,MENSAGEM (SF),Não,2013-08-21,2013,08,21
1175,113321,SF,Senado Federal,OFS,"OFICIO ""S""",Não,2013-08-21,2013,08,21
1176,113012,SF,Senado Federal,OFS,"OFICIO ""S""",Não,2013-08-21,2013,08,21
1177,113000,SF,Senado Federal,OFS,"OFICIO ""S""",Não,2013-08-21,2013,08,21
1178,112652,SF,Senado Federal,MSF,MENSAGEM (SF),Não,2013-08-21,2013,08,21
1179,103765,SF,Senado Federal,PEC,PROPOSTA DE EMENDA À CONSTITUIÇÃO,Não,2013-08-07,2013,08,07
1180,108759,SF,Senado Federal,PLS,PROJETO DE LEI DO SENADO,Não,2013-08-07,2013,08,07
1181,113580,SF,Senado Federal,OFS,"OFICIO ""S""",Não,2013-08-07,2013,08,07
1182,113527,SF,Senado Federal,OFS,"OFICIO ""S""",Não,2013-08-07,2013,08,07
1183,113316,SF,Senado Federal,OFS,"OFICIO ""S""",Não,2013-08-07,2013,08,07
1184,113315,SF,Senado Federal,OFS,"OFICIO ""S""",Não,2013-08-07,2013,08,07
1185,112999,SF,Senado Federal,OFS,"OFICIO ""S""",Não,2013-08-07,2013,08,07
1186,100715,SF,Senado Federal,PEC,PROPOSTA DE EMENDA À CONSTITUIÇÃO,Não,2013-08-06,2013,08,06
1187,113595,SF,Senado Federal,MSF,MENSAGEM (SF),Não,2013-07-11,2013,07,11
1188,111049,SF,Senado Federal,MSF,MENSAGEM (SF),Não,2013-07-11,2013,07,11
1189,113594,SF,Senado Federal,MSF,MENSAGEM (SF),Não,2013-07-11,2013,07,11
1190,99067,SF,Senado Federal,PEC,PROPOSTA DE EMENDA À CONSTITUIÇÃO,Não,2013-07-10,2013,07,10
1191,113338,SF,Senado Federal,PRS,PROJETO DE RESOLUÇÃO DO SENADO,Não,2013-07-10,2013,07,10
1192,56281,SF,Senado Federal,PEC,PROPOSTA DE EMENDA À CONSTITUIÇÃO,Não,2013-07-10,2013,07,10
1193,100325,SF,Senado Federal,PEC,PROPOSTA DE EMENDA À CONSTITUIÇÃO,Não,2013-07-09,2013,07,09
1194,112191,SF,Senado Federal,OFS,"OFICIO ""S""",Não,2013-07-03,2013,07,03
1195,112192,SF,Senado Federal,OFS,"OFICIO ""S""",Não,2013-07-03,2013,07,03
1196,112205,SF,Senado Federal,OFS,"OFICIO ""S""",Não,2013-07-03,2013,07,03
1197,112194,SF,Senado Federal,OFS,"OFICIO ""S""",Não,2013-07-03,2013,07,03
1198,112650,SF,Senado Federal,MSF,MENSAGEM (SF),Não,2013-07-03,2013,07,03
1199,112772,SF,Senado Federal,MSF,MENSAGEM (SF),Não,2013-07-03,2013,07,03
1200,113153,SF,Senado Federal,MSF,MENSAGEM (SF),Não,2013-07-03,2013,07,03
1201,113152,SF,Senado Federal,MSF,MENSAGEM (SF),Não,2013-07-03,2013,07,03
1202,113155,SF,Senado Federal,MSF,MENSAGEM (SF),Não,2013-07-03,2013,07,03
1203,112325,SF,Senado Federal,MSF,MENSAGEM (SF),Não,2013-07-03,2013,07,03
1204,112998,SF,Senado Federal,OFS,"OFICIO ""S""",Não,2013-07-03,2013,07,03
1205,112172,SF,Senado Federal,OFS,"OFICIO ""S""",Não,2013-07-03,2013,07,03
1206,99497,SF,Senado Federal,PLS,PROJETO DE LEI DO SENADO,Não,2013-07-02,2013,07,02
1207,104348,SF,Senado Federal,PEC,PROPOSTA DE EMENDA À CONSTITUIÇÃO,Não,2013-07-02,2013,07,02
1208,113218,SF,Senado Federal,PLS,PROJETO DE LEI DO SENADO,Não,2013-06-26,2013,06,26
1209,112653,SF,Senado Federal,MSF,MENSAGEM (SF),Não,2013-06-19,2013,06,19
1210,113049,SF,Senado Federal,PLV,PROJETO DE LEI DE CONVERSÃO (CN),Não,2013-06-18,2013,06,18
1211,112872,SF,Senado Federal,MSF,MENSAGEM (SF),Não,2013-06-05,2013,06,05
1212,112171,SF,Senado Federal,OFS,"OFICIO ""S""",Não,2013-06-05,2013,06,05
1213,111051,SF,Senado Federal,MSF,MENSAGEM (SF),Não,2013-06-05,2013,06,05
1214,111723,SF,Senado Federal,MSF,MENSAGEM (SF),Não,2013-06-05,2013,06,05
1215,111722,SF,Senado Federal,MSF,MENSAGEM (SF),Não,2013-06-05,2013,06,05
1216,111724,SF,Senado Federal,MSF,MENSAGEM (SF),Não,2013-06-05,2013,06,05
1217,112198,SF,Senado Federal,MSF,MENSAGEM (SF),Não,2013-06-05,2013,06,05
